/*******************************************************************************
 * Size: 40 px
 * Bpp: 4
 * Opts: --font /Users/cosjef/Development/stripe_device/firmware/tools/fonts/RobotoCondensed-Bold.ttf --size 40 --bpp 4 --format lvgl --range 0x20-0x7A --no-compress --lv-include lvgl.h --lv-font-name stripe_sans_40 -o /Users/cosjef/Development/stripe_device/firmware/main/fonts/stripe_sans_40.c
 ******************************************************************************/

#ifdef LV_LVGL_H_INCLUDE_SIMPLE
#include "lvgl.h"
#else
#include "lvgl.h"
#endif

#ifndef STRIPE_SANS_40
#define STRIPE_SANS_40 1
#endif

#if STRIPE_SANS_40

/*-----------------
 *    BITMAPS
 *----------------*/

/*Store the image of the glyphs*/
static LV_ATTRIBUTE_LARGE_CONST const uint8_t glyph_bitmap[] = {
    /* U+0020 " " */

    /* U+0021 "!" */
    0x9f, 0xff, 0xff, 0x48, 0xff, 0xff, 0xf3, 0x7f,
    0xff, 0xff, 0x37, 0xff, 0xff, 0xf2, 0x6f, 0xff,
    0xff, 0x26, 0xff, 0xff, 0xf1, 0x5f, 0xff, 0xff,
    0x15, 0xff, 0xff, 0xf0, 0x4f, 0xff, 0xff, 0x4,
    0xff, 0xff, 0xf0, 0x3f, 0xff, 0xff, 0x3, 0xff,
    0xff, 0xe0, 0x2f, 0xff, 0xfe, 0x2, 0xff, 0xff,
    0xd0, 0x1f, 0xff, 0xfd, 0x1, 0xff, 0xff, 0xc0,
    0xf, 0xff, 0xfc, 0x0, 0xff, 0xff, 0xb0, 0xf,
    0xff, 0xfb, 0x0, 0xef, 0xff, 0xa0, 0x1, 0x22,
    0x21, 0x0, 0x0, 0x0, 0x0, 0x0, 0x1, 0x0,
    0x0, 0x8f, 0xfe, 0x40, 0x5f, 0xff, 0xff, 0x19,
    0xff, 0xff, 0xf4, 0x9f, 0xff, 0xff, 0x43, 0xff,
    0xff, 0xe0, 0x6, 0xef, 0xc3, 0x0,

    /* U+0022 "\"" */
    0xcf, 0xff, 0x30, 0x6f, 0xff, 0x8c, 0xff, 0xf3,
    0x6, 0xff, 0xf8, 0xcf, 0xff, 0x30, 0x6f, 0xff,
    0x8c, 0xff, 0xf2, 0x6, 0xff, 0xf7, 0xcf, 0xff,
    0x0, 0x6f, 0xff, 0x6c, 0xff, 0xf0, 0x6, 0xff,
    0xf4, 0xcf, 0xfd, 0x0, 0x6f, 0xff, 0x3c, 0xff,
    0xc0, 0x6, 0xff, 0xf1, 0xcf, 0xfa, 0x0, 0x6f,
    0xff, 0xc, 0xff, 0x90, 0x6, 0xff, 0xe0, 0xbf,
    0xf7, 0x0, 0x5f, 0xfc, 0x0,

    /* U+0023 "#" */
    0x0, 0x0, 0x0, 0xf, 0xff, 0x60, 0xf, 0xff,
    0x60, 0x0, 0x0, 0x0, 0x2, 0xff, 0xf4, 0x1,
    0xff, 0xf4, 0x0, 0x0, 0x0, 0x0, 0x4f, 0xff,
    0x10, 0x4f, 0xff, 0x20, 0x0, 0x0, 0x0, 0x7,
    0xff, 0xf0, 0x6, 0xff, 0xf0, 0x0, 0x0, 0x0,
    0x0, 0x9f, 0xfd, 0x0, 0x8f, 0xfd, 0x0, 0x0,
    0x0, 0x0, 0xb, 0xff, 0xa0, 0xa, 0xff, 0xb0,
    0x0, 0x0, 0x0, 0x0, 0xdf, 0xf8, 0x0, 0xdf,
    0xf9, 0x0, 0x0, 0x0, 0x0, 0xf, 0xff, 0x60,
    0xf, 0xff, 0x60, 0x0, 0x4, 0xff, 0xff, 0xff,
    0xff, 0xff, 0xff, 0xff, 0xff, 0xd0, 0x4f, 0xff,
    0xff, 0xff, 0xff, 0xff, 0xff, 0xff, 0xfd, 0x4,
    0xff, 0xff, 0xff, 0xff, 0xff, 0xff, 0xff, 0xff,
    0xd0, 0x27, 0x77, 0xcf, 0xfe, 0x77, 0xcf, 0xfe,
    0x77, 0x75, 0x0, 0x0, 0xb, 0xff, 0xa0, 0xb,
    0xff, 0xb0, 0x0, 0x0, 0x0, 0x0, 0xef, 0xf8,
    0x0, 0xdf, 0xf8, 0x0, 0x0, 0x0, 0x0, 0xf,
    0xff, 0x60, 0xf, 0xff, 0x60, 0x0, 0x0, 0x0,
    0x2, 0xff, 0xf3, 0x2, 0xff, 0xf4, 0x0, 0x0,
    0x0, 0x0, 0x5f, 0xff, 0x10, 0x4f, 0xff, 0x20,
    0x0, 0x3, 0x77, 0x7b, 0xff, 0xf7, 0x7a, 0xff,
    0xf7, 0x77, 0x30, 0x8f, 0xff, 0xff, 0xff, 0xff,
    0xff, 0xff, 0xff, 0xf8, 0x8, 0xff, 0xff, 0xff,
    0xff, 0xff, 0xff, 0xff, 0xff, 0x80, 0x8f, 0xff,
    0xff, 0xff, 0xff, 0xff, 0xff, 0xff, 0xf8, 0x0,
    0x0, 0xf, 0xff, 0x50, 0xf, 0xff, 0x60, 0x0,
    0x0, 0x0, 0x2, 0xff, 0xf3, 0x2, 0xff, 0xf4,
    0x0, 0x0, 0x0, 0x0, 0x5f, 0xff, 0x10, 0x4f,
    0xff, 0x10, 0x0, 0x0, 0x0, 0x7, 0xff, 0xe0,
    0x6, 0xff, 0xf0, 0x0, 0x0, 0x0, 0x0, 0x9f,
    0xfc, 0x0, 0x9f, 0xfd, 0x0, 0x0, 0x0, 0x0,
    0xc, 0xff, 0xa0, 0xb, 0xff, 0xb0, 0x0, 0x0,
    0x0, 0x0, 0xef, 0xf7, 0x0, 0xdf, 0xf8, 0x0,
    0x0, 0x0, 0x0, 0xf, 0xff, 0x50, 0xf, 0xff,
    0x60, 0x0, 0x0, 0x0,

    /* U+0024 "$" */
    0x0, 0x0, 0x0, 0x0, 0xbf, 0xf3, 0x0, 0x0,
    0x0, 0x0, 0x0, 0x0, 0x0, 0xbf, 0xf3, 0x0,
    0x0, 0x0, 0x0, 0x0, 0x0, 0x0, 0xbf, 0xf3,
    0x0, 0x0, 0x0, 0x0, 0x0, 0x0, 0x0, 0xbf,
    0xf3, 0x0, 0x0, 0x0, 0x0, 0x0, 0x0, 0x0,
    0xbf, 0xf3, 0x0, 0x0, 0x0, 0x0, 0x0, 0x1,
    0x7c, 0xff, 0xfd, 0x71, 0x0, 0x0, 0x0, 0x0,
    0x6f, 0xff, 0xff, 0xff, 0xfe, 0x40, 0x0, 0x0,
    0x6, 0xff, 0xff, 0xff, 0xff, 0xff, 0xf4, 0x0,
    0x0, 0x2f, 0xff, 0xff, 0xff, 0xff, 0xff, 0xfe,
    0x10, 0x0, 0xaf, 0xff, 0xff, 0xc8, 0xdf, 0xff,
    0xff, 0x80, 0x0, 0xff, 0xff, 0xfc, 0x0, 0xd,
    0xff, 0xff, 0xe0, 0x2, 0xff, 0xff, 0xf5, 0x0,
    0x7, 0xff, 0xff, 0xf2, 0x3, 0xff, 0xff, 0xf3,
    0x0, 0x3, 0xff, 0xff, 0xf4, 0x3, 0xff, 0xff,
    0xf3, 0x0, 0x1, 0xff, 0xff, 0xf5, 0x2, 0xff,
    0xff, 0xf7, 0x0, 0x0, 0x22, 0x22, 0x20, 0x0,
    0xef, 0xff, 0xfe, 0x20, 0x0, 0x0, 0x0, 0x0,
    0x0, 0x9f, 0xff, 0xff, 0xe4, 0x0, 0x0, 0x0,
    0x0, 0x0, 0x1e, 0xff, 0xff, 0xff, 0xb3, 0x0,
    0x0, 0x0, 0x0, 0x4, 0xff, 0xff, 0xff, 0xff,
    0xa1, 0x0, 0x0, 0x0, 0x0, 0x3e, 0xff, 0xff,
    0xff, 0xff, 0x50, 0x0, 0x0, 0x0, 0x0, 0x9f,
    0xff, 0xff, 0xff, 0xf5, 0x0, 0x0, 0x0, 0x0,
    0x2, 0x9f, 0xff, 0xff, 0xff, 0x20, 0x0, 0x0,
    0x0, 0x0, 0x2, 0xcf, 0xff, 0xff, 0xa0, 0x0,
    0x0, 0x0, 0x0, 0x0, 0xd, 0xff, 0xff, 0xf0,
    0x4, 0x44, 0x44, 0x10, 0x0, 0x6, 0xff, 0xff,
    0xf3, 0x2f, 0xff, 0xff, 0x50, 0x0, 0x2, 0xff,
    0xff, 0xf5, 0x1f, 0xff, 0xff, 0x60, 0x0, 0x2,
    0xff, 0xff, 0xf5, 0xe, 0xff, 0xff, 0xb0, 0x0,
    0x5, 0xff, 0xff, 0xf4, 0xa, 0xff, 0xff, 0xf4,
    0x0, 0xc, 0xff, 0xff, 0xf1, 0x4, 0xff, 0xff,
    0xff, 0xa8, 0xdf, 0xff, 0xff, 0xc0, 0x0, 0xbf,
    0xff, 0xff, 0xff, 0xff, 0xff, 0xff, 0x40, 0x0,
    0x1d, 0xff, 0xff, 0xff, 0xff, 0xff, 0xf8, 0x0,
    0x0, 0x1, 0xaf, 0xff, 0xff, 0xff, 0xff, 0x60,
    0x0, 0x0, 0x0, 0x3, 0x9d, 0xff, 0xfc, 0x71,
    0x0, 0x0, 0x0, 0x0, 0x0, 0x2, 0xff, 0xc0,
    0x0, 0x0, 0x0, 0x0, 0x0, 0x0, 0x2, 0xff,
    0xc0, 0x0, 0x0, 0x0, 0x0, 0x0, 0x0, 0x2,
    0xff, 0xc0, 0x0, 0x0, 0x0, 0x0, 0x0, 0x0,
    0x2, 0xff, 0xc0, 0x0, 0x0, 0x0,

    /* U+0025 "%" */
    0x0, 0x5, 0xcf, 0xfd, 0x91, 0x0, 0x0, 0x0,
    0x0, 0x0, 0x0, 0x0, 0x9, 0xff, 0xff, 0xff,
    0xe2, 0x0, 0x0, 0x0, 0x0, 0x0, 0x0, 0x5,
    0xff, 0xff, 0xff, 0xff, 0xd0, 0x0, 0x0, 0x0,
    0x0, 0x0, 0x0, 0xcf, 0xff, 0x86, 0xdf, 0xff,
    0x40, 0x0, 0xb, 0x40, 0x0, 0x0, 0xf, 0xff,
    0xa0, 0x4, 0xff, 0xf7, 0x0, 0x7, 0xff, 0x90,
    0x0, 0x1, 0xff, 0xf7, 0x0, 0xf, 0xff, 0x80,
    0x1, 0xff, 0xf6, 0x0, 0x0, 0x1f, 0xff, 0x70,
    0x0, 0xff, 0xf8, 0x0, 0x8f, 0xfd, 0x0, 0x0,
    0x0, 0xff, 0xf9, 0x0, 0x2f, 0xff, 0x80, 0x1f,
    0xff, 0x50, 0x0, 0x0, 0xd, 0xff, 0xf3, 0xa,
    0xff, 0xf5, 0x9, 0xff, 0xc0, 0x0, 0x0, 0x0,
    0x8f, 0xff, 0xff, 0xff, 0xff, 0x2, 0xff, 0xf4,
    0x0, 0x0, 0x0, 0x0, 0xdf, 0xff, 0xff, 0xff,
    0x60, 0xbf, 0xfb, 0x0, 0x0, 0x0, 0x0, 0x1,
    0xaf, 0xff, 0xfe, 0x50, 0x3f, 0xff, 0x30, 0x0,
    0x0, 0x0, 0x0, 0x0, 0x14, 0x53, 0x0, 0xc,
    0xff, 0xa0, 0x0, 0x0, 0x0, 0x0, 0x0, 0x0,
    0x0, 0x0, 0x4, 0xff, 0xf2, 0x0, 0x0, 0x0,
    0x0, 0x0, 0x0, 0x0, 0x0, 0x0, 0xdf, 0xf9,
    0x0, 0x0, 0x0, 0x0, 0x0, 0x0, 0x0, 0x0,
    0x0, 0x5f, 0xff, 0x10, 0x3, 0x53, 0x0, 0x0,
    0x0, 0x0, 0x0, 0x0, 0xd, 0xff, 0x80, 0x7f,
    0xff, 0xfe, 0x60, 0x0, 0x0, 0x0, 0x0, 0x6,
    0xff, 0xe1, 0x8f, 0xff, 0xff, 0xff, 0x70, 0x0,
    0x0, 0x0, 0x0, 0xef, 0xf7, 0x3f, 0xff, 0xff,
    0xff, 0xff, 0x20, 0x0, 0x0, 0x0, 0x7f, 0xfe,
    0x9, 0xff, 0xf6, 0x7, 0xff, 0xf8, 0x0, 0x0,
    0x0, 0x1f, 0xff, 0x60, 0xcf, 0xfe, 0x0, 0xe,
    0xff, 0xb0, 0x0, 0x0, 0x8, 0xff, 0xd0, 0xd,
    0xff, 0xb0, 0x0, 0xcf, 0xfc, 0x0, 0x0, 0x1,
    0xff, 0xf5, 0x0, 0xef, 0xfb, 0x0, 0xc, 0xff,
    0xc0, 0x0, 0x0, 0x9f, 0xfc, 0x0, 0xd, 0xff,
    0xc0, 0x0, 0xdf, 0xfc, 0x0, 0x0, 0x2f, 0xff,
    0x40, 0x0, 0xbf, 0xff, 0x10, 0xf, 0xff, 0xa0,
    0x0, 0x0, 0x6e, 0xb0, 0x0, 0x7, 0xff, 0xfc,
    0x6b, 0xff, 0xf6, 0x0, 0x0, 0x0, 0x12, 0x0,
    0x0, 0x1e, 0xff, 0xff, 0xff, 0xfe, 0x0, 0x0,
    0x0, 0x0, 0x0, 0x0, 0x0, 0x4f, 0xff, 0xff,
    0xff, 0x40, 0x0, 0x0, 0x0, 0x0, 0x0, 0x0,
    0x0, 0x2a, 0xef, 0xea, 0x20, 0x0,

    /* U+0026 "&" */
    0x0, 0x0, 0x0, 0x7c, 0xff, 0xe9, 0x20, 0x0,
    0x0, 0x0, 0x0, 0x0, 0x0, 0x3e, 0xff, 0xff,
    0xff, 0xf6, 0x0, 0x0, 0x0, 0x0, 0x0, 0x1,
    0xef, 0xff, 0xff, 0xff, 0xff, 0x50, 0x0, 0x0,
    0x0, 0x0, 0xa, 0xff, 0xff, 0xff, 0xff, 0xff,
    0xe0, 0x0, 0x0, 0x0, 0x0, 0x1f, 0xff, 0xff,
    0xdb, 0xff, 0xff, 0xf5, 0x0, 0x0, 0x0, 0x0,
    0x5f, 0xff, 0xfc, 0x0, 0x5f, 0xff, 0xf8, 0x0,
    0x0, 0x0, 0x0, 0x8f, 0xff, 0xf7, 0x0, 0xf,
    0xff, 0xf9, 0x0, 0x0, 0x0, 0x0, 0x8f, 0xff,
    0xf5, 0x0, 0xe, 0xff, 0xf8, 0x0, 0x0, 0x0,
    0x0, 0x7f, 0xff, 0xf7, 0x0, 0x2f, 0xff, 0xf5,
    0x0, 0x0, 0x0, 0x0, 0x5f, 0xff, 0xfd, 0x0,
    0xbf, 0xff, 0xf0, 0x0, 0x0, 0x0, 0x0, 0xf,
    0xff, 0xff, 0x8c, 0xff, 0xff, 0x70, 0x0, 0x0,
    0x0, 0x0, 0x9, 0xff, 0xff, 0xff, 0xff, 0xfb,
    0x0, 0x0, 0x0, 0x0, 0x0, 0x1, 0xff, 0xff,
    0xff, 0xff, 0xa0, 0x0, 0x0, 0x0, 0x0, 0x0,
    0x0, 0x7f, 0xff, 0xff, 0xf7, 0x0, 0x0, 0x0,
    0x0, 0x0, 0x0, 0x2, 0xef, 0xff, 0xff, 0xf2,
    0x0, 0x2, 0x44, 0x43, 0x0, 0x0, 0x3e, 0xff,
    0xff, 0xff, 0xfd, 0x0, 0xb, 0xff, 0xfe, 0x0,
    0x1, 0xef, 0xff, 0xff, 0xff, 0xff, 0x80, 0xc,
    0xff, 0xfd, 0x0, 0xa, 0xff, 0xff, 0xbc, 0xff,
    0xff, 0xf4, 0xf, 0xff, 0xfc, 0x0, 0x2f, 0xff,
    0xff, 0x42, 0xff, 0xff, 0xfe, 0x4f, 0xff, 0xfa,
    0x0, 0x6f, 0xff, 0xff, 0x0, 0x6f, 0xff, 0xff,
    0xff, 0xff, 0xf7, 0x0, 0x8f, 0xff, 0xfe, 0x0,
    0xb, 0xff, 0xff, 0xff, 0xff, 0xf2, 0x0, 0x8f,
    0xff, 0xff, 0x0, 0x1, 0xef, 0xff, 0xff, 0xff,
    0xd0, 0x0, 0x7f, 0xff, 0xff, 0x40, 0x0, 0x5f,
    0xff, 0xff, 0xff, 0x50, 0x0, 0x4f, 0xff, 0xff,
    0xd1, 0x0, 0x1d, 0xff, 0xff, 0xfd, 0x0, 0x0,
    0xe, 0xff, 0xff, 0xfe, 0xac, 0xff, 0xff, 0xff,
    0xff, 0x40, 0x0, 0x6, 0xff, 0xff, 0xff, 0xff,
    0xff, 0xff, 0xff, 0xff, 0xe1, 0x0, 0x0, 0xaf,
    0xff, 0xff, 0xff, 0xff, 0xff, 0xff, 0xff, 0xfa,
    0x0, 0x0, 0x8, 0xff, 0xff, 0xff, 0xff, 0xf8,
    0xcf, 0xff, 0xff, 0x60, 0x0, 0x0, 0x29, 0xdf,
    0xfe, 0xc8, 0x10, 0x2f, 0xff, 0xff, 0xf2,

    /* U+0027 "'" */
    0xcf, 0xff, 0x6c, 0xff, 0xf6, 0xcf, 0xff, 0x6c,
    0xff, 0xf5, 0xcf, 0xff, 0x4c, 0xff, 0xf2, 0xcf,
    0xff, 0x1c, 0xff, 0xf0, 0xcf, 0xff, 0xc, 0xff,
    0xe0, 0xcf, 0xfd, 0x0,

    /* U+0028 "(" */
    0x0, 0x0, 0x0, 0x0, 0x10, 0x0, 0x0, 0x0,
    0x5, 0xe1, 0x0, 0x0, 0x0, 0x6f, 0xf5, 0x0,
    0x0, 0x4, 0xff, 0xfa, 0x0, 0x0, 0x1e, 0xff,
    0xf4, 0x0, 0x0, 0xbf, 0xff, 0x70, 0x0, 0x4,
    0xff, 0xfd, 0x0, 0x0, 0xc, 0xff, 0xf6, 0x0,
    0x0, 0x4f, 0xff, 0xe0, 0x0, 0x0, 0xaf, 0xff,
    0x90, 0x0, 0x0, 0xff, 0xff, 0x40, 0x0, 0x5,
    0xff, 0xff, 0x0, 0x0, 0x9, 0xff, 0xfc, 0x0,
    0x0, 0xd, 0xff, 0xf9, 0x0, 0x0, 0xf, 0xff,
    0xf6, 0x0, 0x0, 0x3f, 0xff, 0xf4, 0x0, 0x0,
    0x5f, 0xff, 0xf2, 0x0, 0x0, 0x7f, 0xff, 0xf1,
    0x0, 0x0, 0x8f, 0xff, 0xf0, 0x0, 0x0, 0x9f,
    0xff, 0xf0, 0x0, 0x0, 0xaf, 0xff, 0xf0, 0x0,
    0x0, 0xaf, 0xff, 0xf0, 0x0, 0x0, 0x9f, 0xff,
    0xf0, 0x0, 0x0, 0x9f, 0xff, 0xf0, 0x0, 0x0,
    0x8f, 0xff, 0xf0, 0x0, 0x0, 0x7f, 0xff, 0xf1,
    0x0, 0x0, 0x5f, 0xff, 0xf2, 0x0, 0x0, 0x3f,
    0xff, 0xf4, 0x0, 0x0, 0xf, 0xff, 0xf7, 0x0,
    0x0, 0xc, 0xff, 0xf9, 0x0, 0x0, 0x8, 0xff,
    0xfc, 0x0, 0x0, 0x4, 0xff, 0xff, 0x0, 0x0,
    0x0, 0xef, 0xff, 0x50, 0x0, 0x0, 0x9f, 0xff,
    0xa0, 0x0, 0x0, 0x2f, 0xff, 0xf0, 0x0, 0x0,
    0xb, 0xff, 0xf7, 0x0, 0x0, 0x3, 0xff, 0xfe,
    0x0, 0x0, 0x0, 0x9f, 0xff, 0x90, 0x0, 0x0,
    0xd, 0xff, 0xf5, 0x0, 0x0, 0x3, 0xff, 0xfa,
    0x0, 0x0, 0x0, 0x4f, 0xf5, 0x0, 0x0, 0x0,
    0x3, 0xd0, 0x0, 0x0, 0x0, 0x0, 0x0,

    /* U+0029 ")" */
    0x1, 0x0, 0x0, 0x0, 0x0, 0x2f, 0x40, 0x0,
    0x0, 0x0, 0x7f, 0xf6, 0x0, 0x0, 0x0, 0xcf,
    0xff, 0x40, 0x0, 0x0, 0x4f, 0xff, 0xf2, 0x0,
    0x0, 0x9, 0xff, 0xfb, 0x0, 0x0, 0x1, 0xef,
    0xff, 0x50, 0x0, 0x0, 0x7f, 0xff, 0xd0, 0x0,
    0x0, 0x1f, 0xff, 0xf5, 0x0, 0x0, 0xb, 0xff,
    0xfc, 0x0, 0x0, 0x6, 0xff, 0xff, 0x20, 0x0,
    0x1, 0xff, 0xff, 0x70, 0x0, 0x0, 0xef, 0xff,
    0xc0, 0x0, 0x0, 0xaf, 0xff, 0xf0, 0x0, 0x0,
    0x8f, 0xff, 0xf3, 0x0, 0x0, 0x6f, 0xff, 0xf6,
    0x0, 0x0, 0x4f, 0xff, 0xf8, 0x0, 0x0, 0x3f,
    0xff, 0xfa, 0x0, 0x0, 0x2f, 0xff, 0xfc, 0x0,
    0x0, 0x1f, 0xff, 0xfd, 0x0, 0x0, 0x1f, 0xff,
    0xfd, 0x0, 0x0, 0x1f, 0xff, 0xfd, 0x0, 0x0,
    0x1f, 0xff, 0xfd, 0x0, 0x0, 0x1f, 0xff, 0xfd,
    0x0, 0x0, 0x2f, 0xff, 0xfb, 0x0, 0x0, 0x3f,
    0xff, 0xfa, 0x0, 0x0, 0x4f, 0xff, 0xf8, 0x0,
    0x0, 0x6f, 0xff, 0xf6, 0x0, 0x0, 0x8f, 0xff,
    0xf3, 0x0, 0x0, 0xbf, 0xff, 0xf0, 0x0, 0x0,
    0xef, 0xff, 0xb0, 0x0, 0x2, 0xff, 0xff, 0x60,
    0x0, 0x6, 0xff, 0xff, 0x10, 0x0, 0xb, 0xff,
    0xfb, 0x0, 0x0, 0x1f, 0xff, 0xf4, 0x0, 0x0,
    0x8f, 0xff, 0xc0, 0x0, 0x1, 0xff, 0xff, 0x30,
    0x0, 0xa, 0xff, 0xfa, 0x0, 0x0, 0x6f, 0xff,
    0xe1, 0x0, 0x0, 0xcf, 0xff, 0x30, 0x0, 0x0,
    0x6f, 0xf4, 0x0, 0x0, 0x0, 0x1d, 0x20, 0x0,
    0x0, 0x0, 0x0, 0x0, 0x0, 0x0, 0x0,

    /* U+002A "*" */
    0x0, 0x0, 0x0, 0x9, 0xff, 0xf3, 0x0, 0x0,
    0x0, 0x0, 0x0, 0x0, 0x8, 0xff, 0xf2, 0x0,
    0x0, 0x0, 0x0, 0x0, 0x0, 0x7, 0xff, 0xf1,
    0x0, 0x0, 0x0, 0x0, 0x0, 0x0, 0x6, 0xff,
    0xf0, 0x0, 0x0, 0x0, 0x2, 0x30, 0x0, 0x6,
    0xff, 0xf0, 0x0, 0x0, 0x20, 0xa, 0xfc, 0x60,
    0x5, 0xff, 0xe0, 0x1, 0x7d, 0xf0, 0xf, 0xff,
    0xfe, 0x86, 0xff, 0xd3, 0x9f, 0xff, 0xf5, 0x4f,
    0xff, 0xff, 0xff, 0xff, 0xff, 0xff, 0xff, 0xfa,
    0x5, 0xae, 0xff, 0xff, 0xff, 0xff, 0xff, 0xff,
    0xa5, 0x0, 0x0, 0x38, 0xdf, 0xff, 0xff, 0xd8,
    0x40, 0x0, 0x0, 0x0, 0x0, 0xcf, 0xff, 0xfe,
    0x10, 0x0, 0x0, 0x0, 0x0, 0x9, 0xff, 0xff,
    0xff, 0xb0, 0x0, 0x0, 0x0, 0x0, 0x6f, 0xff,
    0xa7, 0xff, 0xf8, 0x0, 0x0, 0x0, 0x3, 0xff,
    0xfe, 0x10, 0xdf, 0xff, 0x40, 0x0, 0x0, 0x1e,
    0xff, 0xf6, 0x0, 0x4f, 0xff, 0xe1, 0x0, 0x0,
    0x3e, 0xff, 0xb0, 0x0, 0xa, 0xff, 0xf6, 0x0,
    0x0, 0x1, 0xbf, 0x20, 0x0, 0x1, 0xfe, 0x40,
    0x0, 0x0, 0x0, 0x2, 0x0, 0x0, 0x0, 0x41,
    0x0, 0x0,

    /* U+002B "+" */
    0x0, 0x0, 0x1, 0xff, 0xff, 0xf1, 0x0, 0x0,
    0x0, 0x0, 0x0, 0x1f, 0xff, 0xff, 0x10, 0x0,
    0x0, 0x0, 0x0, 0x1, 0xff, 0xff, 0xf1, 0x0,
    0x0, 0x0, 0x0, 0x0, 0x1f, 0xff, 0xff, 0x10,
    0x0, 0x0, 0x0, 0x0, 0x1, 0xff, 0xff, 0xf1,
    0x0, 0x0, 0x0, 0x0, 0x0, 0x1f, 0xff, 0xff,
    0x10, 0x0, 0x0, 0x0, 0x0, 0x1, 0xff, 0xff,
    0xf1, 0x0, 0x0, 0x2, 0x33, 0x33, 0x4f, 0xff,
    0xff, 0x43, 0x33, 0x32, 0xbf, 0xff, 0xff, 0xff,
    0xff, 0xff, 0xff, 0xff, 0xab, 0xff, 0xff, 0xff,
    0xff, 0xff, 0xff, 0xff, 0xfa, 0xbf, 0xff, 0xff,
    0xff, 0xff, 0xff, 0xff, 0xff, 0xab, 0xff, 0xff,
    0xff, 0xff, 0xff, 0xff, 0xff, 0xfa, 0xbf, 0xff,
    0xff, 0xff, 0xff, 0xff, 0xff, 0xff, 0xa0, 0x0,
    0x0, 0x1f, 0xff, 0xff, 0x10, 0x0, 0x0, 0x0,
    0x0, 0x1, 0xff, 0xff, 0xf1, 0x0, 0x0, 0x0,
    0x0, 0x0, 0x1f, 0xff, 0xff, 0x10, 0x0, 0x0,
    0x0, 0x0, 0x1, 0xff, 0xff, 0xf1, 0x0, 0x0,
    0x0, 0x0, 0x0, 0x1f, 0xff, 0xff, 0x10, 0x0,
    0x0, 0x0, 0x0, 0x1, 0xff, 0xff, 0xf1, 0x0,
    0x0, 0x0, 0x0, 0x0, 0x1f, 0xff, 0xff, 0x10,
    0x0, 0x0, 0x0, 0x0, 0x1, 0xff, 0xff, 0xf1,
    0x0, 0x0, 0x0,

    /* U+002C "," */
    0x0, 0x4f, 0xff, 0xf8, 0x0, 0x4f, 0xff, 0xf8,
    0x0, 0x4f, 0xff, 0xf8, 0x0, 0x4f, 0xff, 0xf8,
    0x0, 0x4f, 0xff, 0xf7, 0x0, 0x5f, 0xff, 0xf5,
    0x0, 0x8f, 0xff, 0xf2, 0x0, 0xcf, 0xff, 0xd0,
    0x3, 0xff, 0xff, 0x60, 0xb, 0xff, 0xfd, 0x0,
    0x1f, 0xff, 0xf3, 0x0, 0x1, 0x9f, 0x50, 0x0,
    0x0, 0x0, 0x0, 0x0,

    /* U+002D "-" */
    0x6a, 0xaa, 0xaa, 0xaa, 0xa9, 0xaf, 0xff, 0xff,
    0xff, 0xfe, 0xaf, 0xff, 0xff, 0xff, 0xfe, 0xaf,
    0xff, 0xff, 0xff, 0xfe, 0xaf, 0xff, 0xff, 0xff,
    0xfe,

    /* U+002E "." */
    0x0, 0x2, 0x10, 0x0, 0x6f, 0xff, 0xa0, 0x2f,
    0xff, 0xff, 0x87, 0xff, 0xff, 0xfc, 0x7f, 0xff,
    0xff, 0xc2, 0xff, 0xff, 0xf6, 0x4, 0xcf, 0xe7,
    0x0,

    /* U+002F "/" */
    0x0, 0x0, 0x0, 0x0, 0x8, 0xff, 0xf7, 0x0,
    0x0, 0x0, 0x0, 0xd, 0xff, 0xf2, 0x0, 0x0,
    0x0, 0x0, 0x1f, 0xff, 0xe0, 0x0, 0x0, 0x0,
    0x0, 0x5f, 0xff, 0xa0, 0x0, 0x0, 0x0, 0x0,
    0xaf, 0xff, 0x50, 0x0, 0x0, 0x0, 0x0, 0xef,
    0xff, 0x10, 0x0, 0x0, 0x0, 0x2, 0xff, 0xfc,
    0x0, 0x0, 0x0, 0x0, 0x7, 0xff, 0xf8, 0x0,
    0x0, 0x0, 0x0, 0xb, 0xff, 0xf4, 0x0, 0x0,
    0x0, 0x0, 0xf, 0xff, 0xf0, 0x0, 0x0, 0x0,
    0x0, 0x4f, 0xff, 0xb0, 0x0, 0x0, 0x0, 0x0,
    0x8f, 0xff, 0x70, 0x0, 0x0, 0x0, 0x0, 0xdf,
    0xff, 0x20, 0x0, 0x0, 0x0, 0x1, 0xff, 0xfe,
    0x0, 0x0, 0x0, 0x0, 0x5, 0xff, 0xfa, 0x0,
    0x0, 0x0, 0x0, 0xa, 0xff, 0xf5, 0x0, 0x0,
    0x0, 0x0, 0xe, 0xff, 0xf1, 0x0, 0x0, 0x0,
    0x0, 0x3f, 0xff, 0xd0, 0x0, 0x0, 0x0, 0x0,
    0x7f, 0xff, 0x80, 0x0, 0x0, 0x0, 0x0, 0xbf,
    0xff, 0x40, 0x0, 0x0, 0x0, 0x0, 0xff, 0xff,
    0x0, 0x0, 0x0, 0x0, 0x4, 0xff, 0xfb, 0x0,
    0x0, 0x0, 0x0, 0x8, 0xff, 0xf7, 0x0, 0x0,
    0x0, 0x0, 0xd, 0xff, 0xf2, 0x0, 0x0, 0x0,
    0x0, 0x1f, 0xff, 0xe0, 0x0, 0x0, 0x0, 0x0,
    0x6f, 0xff, 0xa0, 0x0, 0x0, 0x0, 0x0, 0xaf,
    0xff, 0x50, 0x0, 0x0, 0x0, 0x0, 0xef, 0xff,
    0x10, 0x0, 0x0, 0x0, 0x3, 0xff, 0xfd, 0x0,
    0x0, 0x0, 0x0, 0x7, 0xff, 0xf8, 0x0, 0x0,
    0x0, 0x0, 0xb, 0xff, 0xf4, 0x0, 0x0, 0x0,
    0x0, 0x7, 0x88, 0x80, 0x0, 0x0, 0x0, 0x0,

    /* U+0030 "0" */
    0x0, 0x0, 0x2, 0x9d, 0xff, 0xea, 0x40, 0x0,
    0x0, 0x0, 0x0, 0x8f, 0xff, 0xff, 0xff, 0xfb,
    0x0, 0x0, 0x0, 0x8, 0xff, 0xff, 0xff, 0xff,
    0xff, 0xc0, 0x0, 0x0, 0x4f, 0xff, 0xff, 0xff,
    0xff, 0xff, 0xf7, 0x0, 0x0, 0xcf, 0xff, 0xff,
    0xcb, 0xff, 0xff, 0xff, 0x10, 0x2, 0xff, 0xff,
    0xf7, 0x0, 0x4f, 0xff, 0xff, 0x60, 0x8, 0xff,
    0xff, 0xe0, 0x0, 0xb, 0xff, 0xff, 0xb0, 0xb,
    0xff, 0xff, 0xa0, 0x0, 0x7, 0xff, 0xff, 0xf0,
    0xe, 0xff, 0xff, 0x70, 0x0, 0x4, 0xff, 0xff,
    0xf2, 0xf, 0xff, 0xff, 0x60, 0x0, 0x2, 0xff,
    0xff, 0xf3, 0x1f, 0xff, 0xff, 0x50, 0x0, 0x2,
    0xff, 0xff, 0xf5, 0x2f, 0xff, 0xff, 0x50, 0x0,
    0x2, 0xff, 0xff, 0xf5, 0x2f, 0xff, 0xff, 0x50,
    0x0, 0x2, 0xff, 0xff, 0xf5, 0x2f, 0xff, 0xff,
    0x50, 0x0, 0x2, 0xff, 0xff, 0xf5, 0x2f, 0xff,
    0xff, 0x50, 0x0, 0x2, 0xff, 0xff, 0xf5, 0x2f,
    0xff, 0xff, 0x50, 0x0, 0x2, 0xff, 0xff, 0xf5,
    0x2f, 0xff, 0xff, 0x50, 0x0, 0x2, 0xff, 0xff,
    0xf5, 0x2f, 0xff, 0xff, 0x50, 0x0, 0x2, 0xff,
    0xff, 0xf5, 0x1f, 0xff, 0xff, 0x50, 0x0, 0x2,
    0xff, 0xff, 0xf5, 0xf, 0xff, 0xff, 0x60, 0x0,
    0x2, 0xff, 0xff, 0xf3, 0xe, 0xff, 0xff, 0x80,
    0x0, 0x4, 0xff, 0xff, 0xf1, 0xb, 0xff, 0xff,
    0xa0, 0x0, 0x7, 0xff, 0xff, 0xf0, 0x7, 0xff,
    0xff, 0xe0, 0x0, 0xb, 0xff, 0xff, 0xb0, 0x2,
    0xff, 0xff, 0xf7, 0x0, 0x4f, 0xff, 0xff, 0x60,
    0x0, 0xcf, 0xff, 0xff, 0xcb, 0xff, 0xff, 0xff,
    0x0, 0x0, 0x3f, 0xff, 0xff, 0xff, 0xff, 0xff,
    0xf7, 0x0, 0x0, 0x8, 0xff, 0xff, 0xff, 0xff,
    0xff, 0xb0, 0x0, 0x0, 0x0, 0x7f, 0xff, 0xff,
    0xff, 0xfa, 0x0, 0x0, 0x0, 0x0, 0x2, 0x9d,
    0xff, 0xea, 0x40, 0x0, 0x0,

    /* U+0031 "1" */
    0x0, 0x0, 0x0, 0x0, 0x39, 0xf0, 0x0, 0x0,
    0x5, 0xcf, 0xff, 0x0, 0x2, 0x8e, 0xff, 0xff,
    0xf0, 0x4b, 0xff, 0xff, 0xff, 0xff, 0xcf, 0xff,
    0xff, 0xff, 0xff, 0xfe, 0xff, 0xff, 0xff, 0xff,
    0xff, 0xef, 0xff, 0xff, 0xff, 0xff, 0xfe, 0xff,
    0xa3, 0x7f, 0xff, 0xff, 0xb6, 0x10, 0x7, 0xff,
    0xff, 0xf0, 0x0, 0x0, 0x7f, 0xff, 0xff, 0x0,
    0x0, 0x7, 0xff, 0xff, 0xf0, 0x0, 0x0, 0x7f,
    0xff, 0xff, 0x0, 0x0, 0x7, 0xff, 0xff, 0xf0,
    0x0, 0x0, 0x7f, 0xff, 0xff, 0x0, 0x0, 0x7,
    0xff, 0xff, 0xf0, 0x0, 0x0, 0x7f, 0xff, 0xff,
    0x0, 0x0, 0x7, 0xff, 0xff, 0xf0, 0x0, 0x0,
    0x7f, 0xff, 0xff, 0x0, 0x0, 0x7, 0xff, 0xff,
    0xf0, 0x0, 0x0, 0x7f, 0xff, 0xff, 0x0, 0x0,
    0x7, 0xff, 0xff, 0xf0, 0x0, 0x0, 0x7f, 0xff,
    0xff, 0x0, 0x0, 0x7, 0xff, 0xff, 0xf0, 0x0,
    0x0, 0x7f, 0xff, 0xff, 0x0, 0x0, 0x7, 0xff,
    0xff, 0xf0, 0x0, 0x0, 0x7f, 0xff, 0xff, 0x0,
    0x0, 0x7, 0xff, 0xff, 0xf0, 0x0, 0x0, 0x7f,
    0xff, 0xff, 0x0, 0x0, 0x7, 0xff, 0xff, 0xf0,

    /* U+0032 "2" */
    0x0, 0x0, 0x5, 0xae, 0xff, 0xeb, 0x60, 0x0,
    0x0, 0x0, 0x1, 0xcf, 0xff, 0xff, 0xff, 0xfe,
    0x30, 0x0, 0x0, 0x2e, 0xff, 0xff, 0xff, 0xff,
    0xff, 0xf3, 0x0, 0x0, 0xcf, 0xff, 0xff, 0xff,
    0xff, 0xff, 0xfd, 0x0, 0x6, 0xff, 0xff, 0xff,
    0xbb, 0xff, 0xff, 0xff, 0x50, 0xe, 0xff, 0xff,
    0xe2, 0x0, 0x6f, 0xff, 0xff, 0xa0, 0x3f, 0xff,
    0xff, 0x60, 0x0, 0xd, 0xff, 0xff, 0xd0, 0x6f,
    0xff, 0xff, 0x10, 0x0, 0x9, 0xff, 0xff, 0xe0,
    0x8f, 0xff, 0xff, 0x0, 0x0, 0x8, 0xff, 0xff,
    0xf0, 0x46, 0x66, 0x66, 0x0, 0x0, 0x9, 0xff,
    0xff, 0xd0, 0x0, 0x0, 0x0, 0x0, 0x0, 0xd,
    0xff, 0xff, 0xa0, 0x0, 0x0, 0x0, 0x0, 0x0,
    0x3f, 0xff, 0xff, 0x50, 0x0, 0x0, 0x0, 0x0,
    0x0, 0xaf, 0xff, 0xff, 0x0, 0x0, 0x0, 0x0,
    0x0, 0x4, 0xff, 0xff, 0xf8, 0x0, 0x0, 0x0,
    0x0, 0x0, 0xd, 0xff, 0xff, 0xe0, 0x0, 0x0,
    0x0, 0x0, 0x0, 0xaf, 0xff, 0xff, 0x50, 0x0,
    0x0, 0x0, 0x0, 0x7, 0xff, 0xff, 0xf9, 0x0,
    0x0, 0x0, 0x0, 0x0, 0x3f, 0xff, 0xff, 0xc0,
    0x0, 0x0, 0x0, 0x0, 0x1, 0xef, 0xff, 0xfe,
    0x10, 0x0, 0x0, 0x0, 0x0, 0xc, 0xff, 0xff,
    0xf4, 0x0, 0x0, 0x0, 0x0, 0x0, 0x9f, 0xff,
    0xff, 0x90, 0x0, 0x0, 0x0, 0x0, 0x5, 0xff,
    0xff, 0xfd, 0x0, 0x0, 0x0, 0x0, 0x0, 0x3f,
    0xff, 0xff, 0xf3, 0x0, 0x0, 0x0, 0x0, 0x1,
    0xef, 0xff, 0xff, 0x70, 0x0, 0x0, 0x0, 0x0,
    0xb, 0xff, 0xff, 0xff, 0xaa, 0xaa, 0xaa, 0xaa,
    0xa6, 0x2f, 0xff, 0xff, 0xff, 0xff, 0xff, 0xff,
    0xff, 0xf9, 0x2f, 0xff, 0xff, 0xff, 0xff, 0xff,
    0xff, 0xff, 0xf9, 0x2f, 0xff, 0xff, 0xff, 0xff,
    0xff, 0xff, 0xff, 0xf9, 0x2f, 0xff, 0xff, 0xff,
    0xff, 0xff, 0xff, 0xff, 0xf9,

    /* U+0033 "3" */
    0x0, 0x0, 0x17, 0xce, 0xff, 0xd9, 0x40, 0x0,
    0x0, 0x0, 0x6, 0xff, 0xff, 0xff, 0xff, 0xfc,
    0x20, 0x0, 0x0, 0x7f, 0xff, 0xff, 0xff, 0xff,
    0xff, 0xe2, 0x0, 0x4, 0xff, 0xff, 0xff, 0xff,
    0xff, 0xff, 0xfc, 0x0, 0xc, 0xff, 0xff, 0xfe,
    0xac, 0xff, 0xff, 0xff, 0x40, 0x2f, 0xff, 0xff,
    0xc0, 0x0, 0x5f, 0xff, 0xff, 0xa0, 0x5f, 0xff,
    0xff, 0x40, 0x0, 0xd, 0xff, 0xff, 0xc0, 0x4a,
    0xaa, 0xaa, 0x10, 0x0, 0x9, 0xff, 0xff, 0xe0,
    0x0, 0x0, 0x0, 0x0, 0x0, 0x9, 0xff, 0xff,
    0xd0, 0x0, 0x0, 0x0, 0x0, 0x0, 0xc, 0xff,
    0xff, 0xa0, 0x0, 0x0, 0x0, 0x0, 0x0, 0x3f,
    0xff, 0xff, 0x40, 0x0, 0x0, 0x1, 0x55, 0x58,
    0xff, 0xff, 0xfb, 0x0, 0x0, 0x0, 0x3, 0xff,
    0xff, 0xff, 0xff, 0xd1, 0x0, 0x0, 0x0, 0x4,
    0xff, 0xff, 0xff, 0xfc, 0x0, 0x0, 0x0, 0x0,
    0x3, 0xff, 0xff, 0xff, 0xff, 0x90, 0x0, 0x0,
    0x0, 0x3, 0xff, 0xff, 0xff, 0xff, 0xfa, 0x0,
    0x0, 0x0, 0x0, 0x0, 0x3, 0xbf, 0xff, 0xff,
    0x50, 0x0, 0x0, 0x0, 0x0, 0x0, 0xd, 0xff,
    0xff, 0xc0, 0x0, 0x0, 0x0, 0x0, 0x0, 0x6,
    0xff, 0xff, 0xf1, 0x0, 0x0, 0x0, 0x0, 0x0,
    0x4, 0xff, 0xff, 0xf3, 0x36, 0x66, 0x64, 0x0,
    0x0, 0x3, 0xff, 0xff, 0xf4, 0xaf, 0xff, 0xfe,
    0x0, 0x0, 0x5, 0xff, 0xff, 0xf3, 0x8f, 0xff,
    0xff, 0x20, 0x0, 0xa, 0xff, 0xff, 0xf1, 0x4f,
    0xff, 0xff, 0xc0, 0x0, 0x5f, 0xff, 0xff, 0xc0,
    0xe, 0xff, 0xff, 0xfe, 0xac, 0xff, 0xff, 0xff,
    0x60, 0x5, 0xff, 0xff, 0xff, 0xff, 0xff, 0xff,
    0xfc, 0x0, 0x0, 0x9f, 0xff, 0xff, 0xff, 0xff,
    0xff, 0xd1, 0x0, 0x0, 0x7, 0xff, 0xff, 0xff,
    0xff, 0xfa, 0x10, 0x0, 0x0, 0x0, 0x17, 0xce,
    0xff, 0xd9, 0x30, 0x0, 0x0,

    /* U+0034 "4" */
    0x0, 0x0, 0x0, 0x0, 0x5, 0xff, 0xff, 0xf6,
    0x0, 0x0, 0x0, 0x0, 0x0, 0xd, 0xff, 0xff,
    0xf6, 0x0, 0x0, 0x0, 0x0, 0x0, 0x5f, 0xff,
    0xff, 0xf6, 0x0, 0x0, 0x0, 0x0, 0x0, 0xdf,
    0xff, 0xff, 0xf6, 0x0, 0x0, 0x0, 0x0, 0x6,
    0xff, 0xff, 0xff, 0xf6, 0x0, 0x0, 0x0, 0x0,
    0xd, 0xff, 0xff, 0xff, 0xf6, 0x0, 0x0, 0x0,
    0x0, 0x6f, 0xff, 0xff, 0xff, 0xf6, 0x0, 0x0,
    0x0, 0x0, 0xef, 0xff, 0xff, 0xff, 0xf6, 0x0,
    0x0, 0x0, 0x6, 0xff, 0xfd, 0xff, 0xff, 0xf6,
    0x0, 0x0, 0x0, 0xe, 0xff, 0xf6, 0xff, 0xff,
    0xf6, 0x0, 0x0, 0x0, 0x7f, 0xff, 0xd1, 0xff,
    0xff, 0xf6, 0x0, 0x0, 0x0, 0xef, 0xff, 0x71,
    0xff, 0xff, 0xf6, 0x0, 0x0, 0x7, 0xff, 0xff,
    0x1, 0xff, 0xff, 0xf6, 0x0, 0x0, 0xe, 0xff,
    0xf8, 0x1, 0xff, 0xff, 0xf6, 0x0, 0x0, 0x7f,
    0xff, 0xf2, 0x1, 0xff, 0xff, 0xf6, 0x0, 0x0,
    0xef, 0xff, 0xa0, 0x1, 0xff, 0xff, 0xf6, 0x0,
    0x7, 0xff, 0xff, 0x30, 0x1, 0xff, 0xff, 0xf6,
    0x0, 0x1f, 0xff, 0xfc, 0x0, 0x1, 0xff, 0xff,
    0xf6, 0x0, 0x8f, 0xff, 0xff, 0xff, 0xff, 0xff,
    0xff, 0xff, 0xfd, 0xbf, 0xff, 0xff, 0xff, 0xff,
    0xff, 0xff, 0xff, 0xfd, 0xaf, 0xff, 0xff, 0xff,
    0xff, 0xff, 0xff, 0xff, 0xfd, 0x9f, 0xff, 0xff,
    0xff, 0xff, 0xff, 0xff, 0xff, 0xfd, 0x5a, 0xaa,
    0xaa, 0xaa, 0xab, 0xff, 0xff, 0xfc, 0xa8, 0x0,
    0x0, 0x0, 0x0, 0x1, 0xff, 0xff, 0xf6, 0x0,
    0x0, 0x0, 0x0, 0x0, 0x1, 0xff, 0xff, 0xf6,
    0x0, 0x0, 0x0, 0x0, 0x0, 0x1, 0xff, 0xff,
    0xf6, 0x0, 0x0, 0x0, 0x0, 0x0, 0x1, 0xff,
    0xff, 0xf6, 0x0, 0x0, 0x0, 0x0, 0x0, 0x1,
    0xff, 0xff, 0xf6, 0x0, 0x0, 0x0, 0x0, 0x0,
    0x1, 0xff, 0xff, 0xf6, 0x0,

    /* U+0035 "5" */
    0x0, 0x2f, 0xff, 0xff, 0xff, 0xff, 0xff, 0xff,
    0x90, 0x0, 0x4f, 0xff, 0xff, 0xff, 0xff, 0xff,
    0xff, 0x90, 0x0, 0x6f, 0xff, 0xff, 0xff, 0xff,
    0xff, 0xff, 0x90, 0x0, 0x7f, 0xff, 0xff, 0xff,
    0xff, 0xff, 0xff, 0x90, 0x0, 0x9f, 0xff, 0xfd,
    0xcc, 0xcc, 0xcc, 0xcc, 0x70, 0x0, 0xaf, 0xff,
    0xf4, 0x0, 0x0, 0x0, 0x0, 0x0, 0x0, 0xcf,
    0xff, 0xf3, 0x0, 0x0, 0x0, 0x0, 0x0, 0x0,
    0xdf, 0xff, 0xf1, 0x0, 0x0, 0x0, 0x0, 0x0,
    0x0, 0xff, 0xff, 0xf0, 0x0, 0x0, 0x0, 0x0,
    0x0, 0x1, 0xff, 0xff, 0xf0, 0x14, 0x53, 0x0,
    0x0, 0x0, 0x2, 0xff, 0xff, 0xea, 0xff, 0xff,
    0xf8, 0x0, 0x0, 0x4, 0xff, 0xff, 0xff, 0xff,
    0xff, 0xff, 0xd1, 0x0, 0x5, 0xff, 0xff, 0xff,
    0xff, 0xff, 0xff, 0xfc, 0x0, 0x7, 0xff, 0xff,
    0xff, 0xff, 0xff, 0xff, 0xff, 0x50, 0x4, 0xbf,
    0xff, 0xc2, 0x1, 0x9f, 0xff, 0xff, 0xc0, 0x0,
    0x0, 0x47, 0x0, 0x0, 0xb, 0xff, 0xff, 0xf1,
    0x0, 0x0, 0x0, 0x0, 0x0, 0x5, 0xff, 0xff,
    0xf4, 0x0, 0x0, 0x0, 0x0, 0x0, 0x1, 0xff,
    0xff, 0xf6, 0x0, 0x0, 0x0, 0x0, 0x0, 0x0,
    0xff, 0xff, 0xf7, 0x0, 0x0, 0x0, 0x0, 0x0,
    0x0, 0xff, 0xff, 0xf7, 0x6, 0x66, 0x66, 0x20,
    0x0, 0x1, 0xff, 0xff, 0xf7, 0xf, 0xff, 0xff,
    0x70, 0x0, 0x3, 0xff, 0xff, 0xf5, 0xe, 0xff,
    0xff, 0xc0, 0x0, 0x8, 0xff, 0xff, 0xf1, 0xa,
    0xff, 0xff, 0xf5, 0x0, 0x2e, 0xff, 0xff, 0xd0,
    0x3, 0xff, 0xff, 0xff, 0xcb, 0xff, 0xff, 0xff,
    0x60, 0x0, 0x9f, 0xff, 0xff, 0xff, 0xff, 0xff,
    0xfd, 0x0, 0x0, 0xc, 0xff, 0xff, 0xff, 0xff,
    0xff, 0xe2, 0x0, 0x0, 0x0, 0x9f, 0xff, 0xff,
    0xff, 0xfc, 0x20, 0x0, 0x0, 0x0, 0x2, 0x9d,
    0xff, 0xeb, 0x50, 0x0, 0x0,

    /* U+0036 "6" */
    0x0, 0x0, 0x0, 0x0, 0x17, 0xbe, 0xff, 0x0,
    0x0, 0x0, 0x0, 0x0, 0x19, 0xff, 0xff, 0xff,
    0x0, 0x0, 0x0, 0x0, 0x3, 0xdf, 0xff, 0xff,
    0xff, 0x0, 0x0, 0x0, 0x0, 0x2f, 0xff, 0xff,
    0xff, 0xff, 0x0, 0x0, 0x0, 0x1, 0xef, 0xff,
    0xff, 0xff, 0xdc, 0x0, 0x0, 0x0, 0x9, 0xff,
    0xff, 0xfe, 0x61, 0x0, 0x0, 0x0, 0x0, 0x2f,
    0xff, 0xff, 0xc1, 0x0, 0x0, 0x0, 0x0, 0x0,
    0x9f, 0xff, 0xfe, 0x10, 0x0, 0x0, 0x0, 0x0,
    0x0, 0xff, 0xff, 0xf7, 0x0, 0x0, 0x0, 0x0,
    0x0, 0x4, 0xff, 0xff, 0xf1, 0x7c, 0xff, 0xc7,
    0x0, 0x0, 0x8, 0xff, 0xff, 0xdc, 0xff, 0xff,
    0xff, 0xc1, 0x0, 0xb, 0xff, 0xff, 0xff, 0xff,
    0xff, 0xff, 0xfc, 0x0, 0xd, 0xff, 0xff, 0xff,
    0xff, 0xff, 0xff, 0xff, 0x60, 0xf, 0xff, 0xff,
    0xff, 0xca, 0xef, 0xff, 0xff, 0xd0, 0xf, 0xff,
    0xff, 0xf6, 0x0, 0x1d, 0xff, 0xff, 0xf3, 0xf,
    0xff, 0xff, 0xb0, 0x0, 0x5, 0xff, 0xff, 0xf7,
    0xf, 0xff, 0xff, 0x70, 0x0, 0x0, 0xff, 0xff,
    0xfa, 0xf, 0xff, 0xff, 0x70, 0x0, 0x0, 0xcf,
    0xff, 0xfb, 0xf, 0xff, 0xff, 0x70, 0x0, 0x0,
    0xbf, 0xff, 0xfc, 0xf, 0xff, 0xff, 0x70, 0x0,
    0x0, 0xbf, 0xff, 0xfc, 0xd, 0xff, 0xff, 0x90,
    0x0, 0x0, 0xcf, 0xff, 0xfb, 0xa, 0xff, 0xff,
    0xc0, 0x0, 0x0, 0xff, 0xff, 0xf8, 0x5, 0xff,
    0xff, 0xf1, 0x0, 0x5, 0xff, 0xff, 0xf5, 0x1,
    0xff, 0xff, 0xfb, 0x0, 0x1e, 0xff, 0xff, 0xf0,
    0x0, 0x9f, 0xff, 0xff, 0xdb, 0xff, 0xff, 0xff,
    0x80, 0x0, 0x1e, 0xff, 0xff, 0xff, 0xff, 0xff,
    0xfe, 0x10, 0x0, 0x3, 0xff, 0xff, 0xff, 0xff,
    0xff, 0xf3, 0x0, 0x0, 0x0, 0x3d, 0xff, 0xff,
    0xff, 0xfd, 0x30, 0x0, 0x0, 0x0, 0x0, 0x6c,
    0xef, 0xeb, 0x60, 0x0, 0x0,

    /* U+0037 "7" */
    0xaf, 0xff, 0xff, 0xff, 0xff, 0xff, 0xff, 0xff,
    0xf8, 0xaf, 0xff, 0xff, 0xff, 0xff, 0xff, 0xff,
    0xff, 0xf8, 0xaf, 0xff, 0xff, 0xff, 0xff, 0xff,
    0xff, 0xff, 0xf8, 0xaf, 0xff, 0xff, 0xff, 0xff,
    0xff, 0xff, 0xff, 0xf6, 0x7a, 0xaa, 0xaa, 0xaa,
    0xaa, 0xac, 0xff, 0xff, 0xf1, 0x0, 0x0, 0x0,
    0x0, 0x0, 0x8, 0xff, 0xff, 0xb0, 0x0, 0x0,
    0x0, 0x0, 0x0, 0xe, 0xff, 0xff, 0x50, 0x0,
    0x0, 0x0, 0x0, 0x0, 0x4f, 0xff, 0xff, 0x0,
    0x0, 0x0, 0x0, 0x0, 0x0, 0xaf, 0xff, 0xfa,
    0x0, 0x0, 0x0, 0x0, 0x0, 0x0, 0xff, 0xff,
    0xf5, 0x0, 0x0, 0x0, 0x0, 0x0, 0x6, 0xff,
    0xff, 0xf0, 0x0, 0x0, 0x0, 0x0, 0x0, 0xc,
    0xff, 0xff, 0xa0, 0x0, 0x0, 0x0, 0x0, 0x0,
    0x2f, 0xff, 0xff, 0x40, 0x0, 0x0, 0x0, 0x0,
    0x0, 0x8f, 0xff, 0xfe, 0x0, 0x0, 0x0, 0x0,
    0x0, 0x0, 0xdf, 0xff, 0xf9, 0x0, 0x0, 0x0,
    0x0, 0x0, 0x3, 0xff, 0xff, 0xf3, 0x0, 0x0,
    0x0, 0x0, 0x0, 0x9, 0xff, 0xff, 0xe0, 0x0,
    0x0, 0x0, 0x0, 0x0, 0xf, 0xff, 0xff, 0x80,
    0x0, 0x0, 0x0, 0x0, 0x0, 0x5f, 0xff, 0xff,
    0x30, 0x0, 0x0, 0x0, 0x0, 0x0, 0xbf, 0xff,
    0xfd, 0x0, 0x0, 0x0, 0x0, 0x0, 0x1, 0xff,
    0xff, 0xf7, 0x0, 0x0, 0x0, 0x0, 0x0, 0x7,
    0xff, 0xff, 0xf2, 0x0, 0x0, 0x0, 0x0, 0x0,
    0xd, 0xff, 0xff, 0xc0, 0x0, 0x0, 0x0, 0x0,
    0x0, 0x3f, 0xff, 0xff, 0x70, 0x0, 0x0, 0x0,
    0x0, 0x0, 0x9f, 0xff, 0xff, 0x10, 0x0, 0x0,
    0x0, 0x0, 0x0, 0xef, 0xff, 0xfc, 0x0, 0x0,
    0x0, 0x0, 0x0, 0x5, 0xff, 0xff, 0xf6, 0x0,
    0x0, 0x0, 0x0, 0x0, 0xb, 0xff, 0xff, 0xf1,
    0x0, 0x0, 0x0, 0x0, 0x0, 0x1f, 0xff, 0xff,
    0xb0, 0x0, 0x0, 0x0, 0x0,

    /* U+0038 "8" */
    0x0, 0x0, 0x4, 0xad, 0xff, 0xeb, 0x50, 0x0,
    0x0, 0x0, 0x1, 0xbf, 0xff, 0xff, 0xff, 0xfd,
    0x20, 0x0, 0x0, 0xc, 0xff, 0xff, 0xff, 0xff,
    0xff, 0xe2, 0x0, 0x0, 0x8f, 0xff, 0xff, 0xff,
    0xff, 0xff, 0xfc, 0x0, 0x1, 0xff, 0xff, 0xff,
    0xcb, 0xff, 0xff, 0xff, 0x30, 0x5, 0xff, 0xff,
    0xf8, 0x0, 0x5f, 0xff, 0xff, 0x80, 0x7, 0xff,
    0xff, 0xf1, 0x0, 0xd, 0xff, 0xff, 0xb0, 0x9,
    0xff, 0xff, 0xe0, 0x0, 0xb, 0xff, 0xff, 0xc0,
    0x8, 0xff, 0xff, 0xe0, 0x0, 0xb, 0xff, 0xff,
    0xc0, 0x6, 0xff, 0xff, 0xf1, 0x0, 0xd, 0xff,
    0xff, 0x90, 0x1, 0xff, 0xff, 0xf6, 0x0, 0x2f,
    0xff, 0xff, 0x50, 0x0, 0x9f, 0xff, 0xff, 0x76,
    0xdf, 0xff, 0xfd, 0x0, 0x0, 0xd, 0xff, 0xff,
    0xff, 0xff, 0xff, 0xf2, 0x0, 0x0, 0x1, 0xcf,
    0xff, 0xff, 0xff, 0xfe, 0x20, 0x0, 0x0, 0x5,
    0xff, 0xff, 0xff, 0xff, 0xff, 0x80, 0x0, 0x0,
    0x4f, 0xff, 0xff, 0xff, 0xff, 0xff, 0xf8, 0x0,
    0x1, 0xef, 0xff, 0xfd, 0x54, 0xbf, 0xff, 0xff,
    0x30, 0x7, 0xff, 0xff, 0xf1, 0x0, 0xd, 0xff,
    0xff, 0xb0, 0xc, 0xff, 0xff, 0xa0, 0x0, 0x7,
    0xff, 0xff, 0xf0, 0xf, 0xff, 0xff, 0x70, 0x0,
    0x4, 0xff, 0xff, 0xf3, 0xf, 0xff, 0xff, 0x60,
    0x0, 0x3, 0xff, 0xff, 0xf4, 0xf, 0xff, 0xff,
    0x80, 0x0, 0x5, 0xff, 0xff, 0xf3, 0xe, 0xff,
    0xff, 0xc0, 0x0, 0x8, 0xff, 0xff, 0xf2, 0xb,
    0xff, 0xff, 0xf5, 0x0, 0x2f, 0xff, 0xff, 0xe0,
    0x5, 0xff, 0xff, 0xff, 0xcb, 0xff, 0xff, 0xff,
    0x90, 0x0, 0xdf, 0xff, 0xff, 0xff, 0xff, 0xff,
    0xff, 0x10, 0x0, 0x2e, 0xff, 0xff, 0xff, 0xff,
    0xff, 0xf5, 0x0, 0x0, 0x2, 0xcf, 0xff, 0xff,
    0xff, 0xfe, 0x40, 0x0, 0x0, 0x0, 0x4, 0xad,
    0xff, 0xeb, 0x60, 0x0, 0x0,

    /* U+0039 "9" */
    0x0, 0x0, 0x2, 0x9d, 0xff, 0xd8, 0x20, 0x0,
    0x0, 0x0, 0x0, 0x8f, 0xff, 0xff, 0xff, 0xf6,
    0x0, 0x0, 0x0, 0xa, 0xff, 0xff, 0xff, 0xff,
    0xff, 0x60, 0x0, 0x0, 0x6f, 0xff, 0xff, 0xff,
    0xff, 0xff, 0xf2, 0x0, 0x1, 0xff, 0xff, 0xff,
    0xbc, 0xff, 0xff, 0xfb, 0x0, 0x7, 0xff, 0xff,
    0xf6, 0x0, 0x8f, 0xff, 0xff, 0x20, 0xc, 0xff,
    0xff, 0xd0, 0x0, 0xe, 0xff, 0xff, 0x70, 0xf,
    0xff, 0xff, 0x80, 0x0, 0xa, 0xff, 0xff, 0xb0,
    0x2f, 0xff, 0xff, 0x50, 0x0, 0x6, 0xff, 0xff,
    0xe0, 0x3f, 0xff, 0xff, 0x40, 0x0, 0x5, 0xff,
    0xff, 0xf0, 0x3f, 0xff, 0xff, 0x40, 0x0, 0x4,
    0xff, 0xff, 0xf1, 0x2f, 0xff, 0xff, 0x50, 0x0,
    0x4, 0xff, 0xff, 0xf2, 0xf, 0xff, 0xff, 0x90,
    0x0, 0x5, 0xff, 0xff, 0xf2, 0xd, 0xff, 0xff,
    0xe0, 0x0, 0xa, 0xff, 0xff, 0xf2, 0x8, 0xff,
    0xff, 0xfb, 0x10, 0x8f, 0xff, 0xff, 0xf1, 0x2,
    0xff, 0xff, 0xff, 0xff, 0xff, 0xff, 0xff, 0xf1,
    0x0, 0x9f, 0xff, 0xff, 0xff, 0xff, 0xff, 0xff,
    0xf0, 0x0, 0xc, 0xff, 0xff, 0xff, 0xfe, 0xff,
    0xff, 0xd0, 0x0, 0x0, 0x8f, 0xff, 0xff, 0x88,
    0xff, 0xff, 0xa0, 0x0, 0x0, 0x1, 0x46, 0x51,
    0xb, 0xff, 0xff, 0x70, 0x0, 0x0, 0x0, 0x0,
    0x0, 0x1f, 0xff, 0xff, 0x20, 0x0, 0x0, 0x0,
    0x0, 0x0, 0x8f, 0xff, 0xfd, 0x0, 0x0, 0x0,
    0x0, 0x0, 0x6, 0xff, 0xff, 0xf6, 0x0, 0x0,
    0x0, 0x0, 0x3, 0xaf, 0xff, 0xff, 0xd0, 0x0,
    0x0, 0x0, 0x8d, 0xff, 0xff, 0xff, 0xff, 0x30,
    0x0, 0x0, 0x0, 0x9f, 0xff, 0xff, 0xff, 0xf6,
    0x0, 0x0, 0x0, 0x0, 0x9f, 0xff, 0xff, 0xff,
    0x60, 0x0, 0x0, 0x0, 0x0, 0x9f, 0xff, 0xff,
    0xb2, 0x0, 0x0, 0x0, 0x0, 0x0, 0x9f, 0xeb,
    0x82, 0x0, 0x0, 0x0, 0x0,

    /* U+003A ":" */
    0x4, 0xcf, 0xe7, 0x2, 0xff, 0xff, 0xf6, 0x7f,
    0xff, 0xff, 0xc7, 0xff, 0xff, 0xfc, 0x3f, 0xff,
    0xff, 0x80, 0x6f, 0xff, 0xa0, 0x0, 0x2, 0x10,
    0x0, 0x0, 0x0, 0x0, 0x0, 0x0, 0x0, 0x0,
    0x0, 0x0, 0x0, 0x0, 0x0, 0x0, 0x0, 0x0,
    0x0, 0x0, 0x0, 0x0, 0x0, 0x0, 0x0, 0x0,
    0x0, 0x0, 0x0, 0x0, 0x0, 0x0, 0x21, 0x0,
    0x5, 0xff, 0xfa, 0x2, 0xff, 0xff, 0xf8, 0x7f,
    0xff, 0xff, 0xd6, 0xff, 0xff, 0xfd, 0x1f, 0xff,
    0xff, 0x70, 0x3c, 0xfe, 0x80,

    /* U+003B ";" */
    0x0, 0x7e, 0xfc, 0x40, 0x6, 0xff, 0xff, 0xf2,
    0xc, 0xff, 0xff, 0xf7, 0xc, 0xff, 0xff, 0xf7,
    0x8, 0xff, 0xff, 0xf3, 0x0, 0xaf, 0xff, 0x60,
    0x0, 0x1, 0x20, 0x0, 0x0, 0x0, 0x0, 0x0,
    0x0, 0x0, 0x0, 0x0, 0x0, 0x0, 0x0, 0x0,
    0x0, 0x0, 0x0, 0x0, 0x0, 0x0, 0x0, 0x0,
    0x0, 0x0, 0x0, 0x0, 0x0, 0x0, 0x0, 0x0,
    0x0, 0x0, 0x0, 0x0, 0x0, 0x0, 0x0, 0x0,
    0x0, 0x0, 0x0, 0x0, 0x0, 0xad, 0xdd, 0xc0,
    0x0, 0xcf, 0xff, 0xf0, 0x0, 0xcf, 0xff, 0xf0,
    0x0, 0xcf, 0xff, 0xf0, 0x0, 0xcf, 0xff, 0xf0,
    0x0, 0xdf, 0xff, 0xd0, 0x0, 0xff, 0xff, 0xa0,
    0x4, 0xff, 0xff, 0x50, 0xa, 0xff, 0xfe, 0x0,
    0x2f, 0xff, 0xf6, 0x0, 0xaf, 0xff, 0xc0, 0x0,
    0x18, 0xfe, 0x10, 0x0, 0x0, 0x11, 0x0, 0x0,

    /* U+003C "<" */
    0x0, 0x0, 0x0, 0x0, 0x0, 0x0, 0x0, 0x0,
    0x0, 0x0, 0x0, 0x0, 0x0, 0x1, 0x85, 0x0,
    0x0, 0x0, 0x0, 0x0, 0x18, 0xff, 0x60, 0x0,
    0x0, 0x0, 0x1, 0x8f, 0xff, 0xf6, 0x0, 0x0,
    0x0, 0x7, 0xef, 0xff, 0xff, 0x60, 0x0, 0x0,
    0x7e, 0xff, 0xff, 0xff, 0xf6, 0x0, 0x6, 0xef,
    0xff, 0xff, 0xff, 0xfe, 0x40, 0x6e, 0xff, 0xff,
    0xff, 0xff, 0xe7, 0x0, 0xbf, 0xff, 0xff, 0xff,
    0xfd, 0x50, 0x0, 0xe, 0xff, 0xff, 0xff, 0xb4,
    0x0, 0x0, 0x0, 0xef, 0xff, 0xfe, 0x30, 0x0,
    0x0, 0x0, 0xe, 0xff, 0xff, 0xfe, 0x70, 0x0,
    0x0, 0x0, 0xdf, 0xff, 0xff, 0xff, 0xf8, 0x10,
    0x0, 0x2, 0xaf, 0xff, 0xff, 0xff, 0xff, 0xa3,
    0x0, 0x0, 0x2b, 0xff, 0xff, 0xff, 0xff, 0xfb,
    0x20, 0x0, 0x3, 0xbf, 0xff, 0xff, 0xff, 0xf6,
    0x0, 0x0, 0x0, 0x3b, 0xff, 0xff, 0xff, 0x60,
    0x0, 0x0, 0x0, 0x3, 0xcf, 0xff, 0xf6, 0x0,
    0x0, 0x0, 0x0, 0x0, 0x4c, 0xff, 0x60, 0x0,
    0x0, 0x0, 0x0, 0x0, 0x4, 0xc6, 0x0, 0x0,
    0x0, 0x0, 0x0, 0x0, 0x0, 0x10,

    /* U+003D "=" */
    0x6f, 0xff, 0xff, 0xff, 0xff, 0xff, 0xff, 0xf7,
    0x6f, 0xff, 0xff, 0xff, 0xff, 0xff, 0xff, 0xf7,
    0x6f, 0xff, 0xff, 0xff, 0xff, 0xff, 0xff, 0xf7,
    0x6f, 0xff, 0xff, 0xff, 0xff, 0xff, 0xff, 0xf7,
    0x4b, 0xbb, 0xbb, 0xbb, 0xbb, 0xbb, 0xbb, 0xb5,
    0x0, 0x0, 0x0, 0x0, 0x0, 0x0, 0x0, 0x0,
    0x0, 0x0, 0x0, 0x0, 0x0, 0x0, 0x0, 0x0,
    0x0, 0x0, 0x0, 0x0, 0x0, 0x0, 0x0, 0x0,
    0x4b, 0xbb, 0xbb, 0xbb, 0xbb, 0xbb, 0xbb, 0xb5,
    0x6f, 0xff, 0xff, 0xff, 0xff, 0xff, 0xff, 0xf7,
    0x6f, 0xff, 0xff, 0xff, 0xff, 0xff, 0xff, 0xf7,
    0x6f, 0xff, 0xff, 0xff, 0xff, 0xff, 0xff, 0xf7,
    0x6f, 0xff, 0xff, 0xff, 0xff, 0xff, 0xff, 0xf7,

    /* U+003E ">" */
    0x0, 0x0, 0x0, 0x0, 0x0, 0x0, 0x0, 0x8,
    0x70, 0x0, 0x0, 0x0, 0x0, 0x0, 0x0, 0x9f,
    0xe7, 0x0, 0x0, 0x0, 0x0, 0x0, 0x9, 0xff,
    0xfe, 0x60, 0x0, 0x0, 0x0, 0x0, 0x9f, 0xff,
    0xff, 0xe6, 0x0, 0x0, 0x0, 0x9, 0xff, 0xff,
    0xff, 0xfe, 0x60, 0x0, 0x0, 0x6f, 0xff, 0xff,
    0xff, 0xff, 0xd6, 0x0, 0x0, 0x17, 0xef, 0xff,
    0xff, 0xff, 0xfd, 0x50, 0x0, 0x0, 0x5c, 0xff,
    0xff, 0xff, 0xff, 0xb0, 0x0, 0x0, 0x4, 0xbf,
    0xff, 0xff, 0xfd, 0x0, 0x0, 0x0, 0x0, 0x3e,
    0xff, 0xff, 0xd0, 0x0, 0x0, 0x1, 0x8f, 0xff,
    0xff, 0xfd, 0x0, 0x0, 0x29, 0xff, 0xff, 0xff,
    0xff, 0xc0, 0x4, 0xbf, 0xff, 0xff, 0xff, 0xff,
    0xa2, 0x4c, 0xff, 0xff, 0xff, 0xff, 0xfa, 0x20,
    0x9, 0xff, 0xff, 0xff, 0xff, 0xa2, 0x0, 0x0,
    0x9f, 0xff, 0xff, 0xfa, 0x20, 0x0, 0x0, 0x9,
    0xff, 0xff, 0xa2, 0x0, 0x0, 0x0, 0x0, 0x9f,
    0xfb, 0x30, 0x0, 0x0, 0x0, 0x0, 0x9, 0xb3,
    0x0, 0x0, 0x0, 0x0, 0x0, 0x0, 0x0, 0x0,
    0x0, 0x0, 0x0, 0x0, 0x0, 0x0,

    /* U+003F "?" */
    0x0, 0x0, 0x6b, 0xef, 0xfd, 0xa4, 0x0, 0x0,
    0x0, 0x4e, 0xff, 0xff, 0xff, 0xff, 0xb1, 0x0,
    0x4, 0xff, 0xff, 0xff, 0xff, 0xff, 0xfc, 0x0,
    0xe, 0xff, 0xff, 0xff, 0xff, 0xff, 0xff, 0x70,
    0x6f, 0xff, 0xff, 0xfc, 0xdf, 0xff, 0xff, 0xe0,
    0xbf, 0xff, 0xff, 0x40, 0xb, 0xff, 0xff, 0xf2,
    0xef, 0xff, 0xfb, 0x0, 0x4, 0xff, 0xff, 0xf5,
    0xff, 0xff, 0xf8, 0x0, 0x2, 0xff, 0xff, 0xf6,
    0x0, 0x0, 0x0, 0x0, 0x2, 0xff, 0xff, 0xf5,
    0x0, 0x0, 0x0, 0x0, 0x6, 0xff, 0xff, 0xf2,
    0x0, 0x0, 0x0, 0x0, 0xe, 0xff, 0xff, 0xd0,
    0x0, 0x0, 0x0, 0x0, 0xaf, 0xff, 0xff, 0x50,
    0x0, 0x0, 0x0, 0x7, 0xff, 0xff, 0xfa, 0x0,
    0x0, 0x0, 0x0, 0x5f, 0xff, 0xff, 0xc0, 0x0,
    0x0, 0x0, 0x1, 0xef, 0xff, 0xfe, 0x10, 0x0,
    0x0, 0x0, 0x7, 0xff, 0xff, 0xf3, 0x0, 0x0,
    0x0, 0x0, 0xb, 0xff, 0xff, 0x70, 0x0, 0x0,
    0x0, 0x0, 0xe, 0xff, 0xff, 0x10, 0x0, 0x0,
    0x0, 0x0, 0xf, 0xff, 0xfe, 0x0, 0x0, 0x0,
    0x0, 0x0, 0xf, 0xff, 0xfc, 0x0, 0x0, 0x0,
    0x0, 0x0, 0x0, 0x0, 0x0, 0x0, 0x0, 0x0,
    0x0, 0x0, 0x0, 0x0, 0x0, 0x0, 0x0, 0x0,
    0x0, 0x0, 0x0, 0x1, 0x0, 0x0, 0x0, 0x0,
    0x0, 0x0, 0x6, 0xff, 0xe5, 0x0, 0x0, 0x0,
    0x0, 0x0, 0x3f, 0xff, 0xff, 0x10, 0x0, 0x0,
    0x0, 0x0, 0x8f, 0xff, 0xff, 0x60, 0x0, 0x0,
    0x0, 0x0, 0x7f, 0xff, 0xff, 0x50, 0x0, 0x0,
    0x0, 0x0, 0x2f, 0xff, 0xff, 0x10, 0x0, 0x0,
    0x0, 0x0, 0x5, 0xdf, 0xd4, 0x0, 0x0, 0x0,

    /* U+0040 "@" */
    0x0, 0x0, 0x0, 0x0, 0x0, 0x0, 0x2, 0x44,
    0x31, 0x0, 0x0, 0x0, 0x0, 0x0, 0x0, 0x0,
    0x0, 0x0, 0x0, 0x6, 0xcf, 0xff, 0xff, 0xfd,
    0x81, 0x0, 0x0, 0x0, 0x0, 0x0, 0x0, 0x0,
    0x0, 0x6e, 0xff, 0xff, 0xff, 0xff, 0xff, 0xf8,
    0x0, 0x0, 0x0, 0x0, 0x0, 0x0, 0x0, 0xaf,
    0xff, 0xff, 0xff, 0xff, 0xff, 0xff, 0xfc, 0x10,
    0x0, 0x0, 0x0, 0x0, 0x0, 0xcf, 0xff, 0xfb,
    0x52, 0x0, 0x14, 0x9f, 0xff, 0xfd, 0x10, 0x0,
    0x0, 0x0, 0x0, 0xbf, 0xff, 0xe4, 0x0, 0x0,
    0x0, 0x0, 0x1b, 0xff, 0xfb, 0x0, 0x0, 0x0,
    0x0, 0x7f, 0xff, 0xd1, 0x0, 0x0, 0x0, 0x0,
    0x0, 0xa, 0xff, 0xf6, 0x0, 0x0, 0x0, 0x2f,
    0xff, 0xe1, 0x0, 0x0, 0x0, 0x0, 0x0, 0x0,
    0xc, 0xff, 0xe0, 0x0, 0x0, 0xa, 0xff, 0xf4,
    0x0, 0x0, 0x0, 0x0, 0x0, 0x0, 0x0, 0x3f,
    0xff, 0x60, 0x0, 0x2, 0xff, 0xfb, 0x0, 0x0,
    0x1, 0x9e, 0xfe, 0xb5, 0x0, 0x0, 0xbf, 0xfc,
    0x0, 0x0, 0x9f, 0xff, 0x30, 0x0, 0x4, 0xef,
    0xff, 0xff, 0xfb, 0x10, 0x4, 0xff, 0xf1, 0x0,
    0xe, 0xff, 0xc0, 0x0, 0x3, 0xff, 0xff, 0xff,
    0xff, 0xfa, 0x0, 0xf, 0xff, 0x50, 0x4, 0xff,
    0xf7, 0x0, 0x0, 0xdf, 0xff, 0xd8, 0xaf, 0xff,
    0x90, 0x0, 0xcf, 0xf9, 0x0, 0x8f, 0xff, 0x20,
    0x0, 0x6f, 0xff, 0xc0, 0x4, 0xff, 0xf7, 0x0,
    0x9, 0xff, 0xb0, 0xc, 0xff, 0xe0, 0x0, 0xd,
    0xff, 0xf2, 0x0, 0x5f, 0xff, 0x60, 0x0, 0x7f,
    0xfd, 0x0, 0xff, 0xfb, 0x0, 0x3, 0xff, 0xfb,
    0x0, 0x6, 0xff, 0xf5, 0x0, 0x5, 0xff, 0xf0,
    0x1f, 0xff, 0x90, 0x0, 0x8f, 0xff, 0x70, 0x0,
    0x7f, 0xff, 0x40, 0x0, 0x5f, 0xff, 0x3, 0xff,
    0xf7, 0x0, 0xc, 0xff, 0xf4, 0x0, 0x8, 0xff,
    0xf3, 0x0, 0x4, 0xff, 0xf0, 0x4f, 0xff, 0x60,
    0x0, 0xff, 0xff, 0x10, 0x0, 0x9f, 0xff, 0x20,
    0x0, 0x5f, 0xff, 0x5, 0xff, 0xf5, 0x0, 0x2f,
    0xff, 0xf0, 0x0, 0xa, 0xff, 0xf1, 0x0, 0x5,
    0xff, 0xf0, 0x6f, 0xff, 0x40, 0x3, 0xff, 0xfe,
    0x0, 0x0, 0xcf, 0xff, 0x0, 0x0, 0x6f, 0xfd,
    0x6, 0xff, 0xf4, 0x0, 0x4f, 0xff, 0xd0, 0x0,
    0xd, 0xff, 0xf0, 0x0, 0x9, 0xff, 0xb0, 0x5f,
    0xff, 0x50, 0x4, 0xff, 0xfd, 0x0, 0x0, 0xff,
    0xfe, 0x0, 0x0, 0xbf, 0xf8, 0x4, 0xff, 0xf6,
    0x0, 0x4f, 0xff, 0xf0, 0x0, 0x1f, 0xff, 0xd0,
    0x0, 0xf, 0xff, 0x40, 0x3f, 0xff, 0x80, 0x2,
    0xff, 0xff, 0x20, 0x6, 0xff, 0xfc, 0x0, 0x5,
    0xff, 0xf0, 0x1, 0xff, 0xfa, 0x0, 0xe, 0xff,
    0xf9, 0x1, 0xef, 0xff, 0xe0, 0x0, 0xdf, 0xf9,
    0x0, 0xe, 0xff, 0xd0, 0x0, 0xaf, 0xff, 0xfc,
    0xef, 0xff, 0xff, 0x84, 0xbf, 0xff, 0x20, 0x0,
    0xaf, 0xff, 0x20, 0x3, 0xff, 0xff, 0xff, 0xfa,
    0xff, 0xff, 0xff, 0xff, 0x70, 0x0, 0x6, 0xff,
    0xf7, 0x0, 0x8, 0xff, 0xff, 0xfa, 0x9, 0xff,
    0xff, 0xff, 0x80, 0x0, 0x0, 0x1f, 0xff, 0xe0,
    0x0, 0x6, 0xdf, 0xd7, 0x0, 0x6, 0xdf, 0xeb,
    0x40, 0x0, 0x0, 0x0, 0xbf, 0xff, 0x70, 0x0,
    0x0, 0x0, 0x0, 0x0, 0x0, 0x0, 0x0, 0x0,
    0x0, 0x0, 0x3, 0xff, 0xff, 0x30, 0x0, 0x0,
    0x0, 0x0, 0x0, 0x0, 0x0, 0x0, 0x0, 0x0,
    0x0, 0xa, 0xff, 0xfe, 0x30, 0x0, 0x0, 0x0,
    0x0, 0x0, 0x0, 0x0, 0x0, 0x0, 0x0, 0x0,
    0x1e, 0xff, 0xff, 0x81, 0x0, 0x0, 0x0, 0x4,
    0x50, 0x0, 0x0, 0x0, 0x0, 0x0, 0x0, 0x2e,
    0xff, 0xff, 0xfc, 0x98, 0x89, 0xbf, 0xfb, 0x0,
    0x0, 0x0, 0x0, 0x0, 0x0, 0x0, 0x2d, 0xff,
    0xff, 0xff, 0xff, 0xff, 0xff, 0xf0, 0x0, 0x0,
    0x0, 0x0, 0x0, 0x0, 0x0, 0x7, 0xef, 0xff,
    0xff, 0xff, 0xff, 0xfa, 0x0, 0x0, 0x0, 0x0,
    0x0, 0x0, 0x0, 0x0, 0x0, 0x59, 0xce, 0xff,
    0xeb, 0x72, 0x0, 0x0, 0x0, 0x0, 0x0,

    /* U+0041 "A" */
    0x0, 0x0, 0x0, 0x0, 0xc, 0xff, 0xff, 0xa0,
    0x0, 0x0, 0x0, 0x0, 0x0, 0x0, 0x0, 0x0,
    0x1f, 0xff, 0xff, 0xf0, 0x0, 0x0, 0x0, 0x0,
    0x0, 0x0, 0x0, 0x0, 0x6f, 0xff, 0xff, 0xf4,
    0x0, 0x0, 0x0, 0x0, 0x0, 0x0, 0x0, 0x0,
    0xbf, 0xff, 0xff, 0xf9, 0x0, 0x0, 0x0, 0x0,
    0x0, 0x0, 0x0, 0x1, 0xff, 0xff, 0xff, 0xfe,
    0x0, 0x0, 0x0, 0x0, 0x0, 0x0, 0x0, 0x5,
    0xff, 0xff, 0xff, 0xff, 0x30, 0x0, 0x0, 0x0,
    0x0, 0x0, 0x0, 0xa, 0xff, 0xff, 0xff, 0xff,
    0x80, 0x0, 0x0, 0x0, 0x0, 0x0, 0x0, 0xf,
    0xff, 0xff, 0xff, 0xff, 0xd0, 0x0, 0x0, 0x0,
    0x0, 0x0, 0x0, 0x4f, 0xff, 0xfb, 0xef, 0xff,
    0xf2, 0x0, 0x0, 0x0, 0x0, 0x0, 0x0, 0x9f,
    0xff, 0xf7, 0x9f, 0xff, 0xf7, 0x0, 0x0, 0x0,
    0x0, 0x0, 0x0, 0xef, 0xff, 0xf3, 0x5f, 0xff,
    0xfc, 0x0, 0x0, 0x0, 0x0, 0x0, 0x2, 0xff,
    0xff, 0xf0, 0x1f, 0xff, 0xff, 0x10, 0x0, 0x0,
    0x0, 0x0, 0x7, 0xff, 0xff, 0xb0, 0xd, 0xff,
    0xff, 0x60, 0x0, 0x0, 0x0, 0x0, 0xc, 0xff,
    0xff, 0x70, 0x9, 0xff, 0xff, 0xb0, 0x0, 0x0,
    0x0, 0x0, 0x1f, 0xff, 0xff, 0x30, 0x5, 0xff,
    0xff, 0xf0, 0x0, 0x0, 0x0, 0x0, 0x6f, 0xff,
    0xfe, 0x0, 0x1, 0xff, 0xff, 0xf5, 0x0, 0x0,
    0x0, 0x0, 0xbf, 0xff, 0xfb, 0x0, 0x0, 0xdf,
    0xff, 0xfa, 0x0, 0x0, 0x0, 0x0, 0xff, 0xff,
    0xf7, 0x0, 0x0, 0x8f, 0xff, 0xfe, 0x0, 0x0,
    0x0, 0x5, 0xff, 0xff, 0xfe, 0xdd, 0xdd, 0xef,
    0xff, 0xff, 0x40, 0x0, 0x0, 0xa, 0xff, 0xff,
    0xff, 0xff, 0xff, 0xff, 0xff, 0xff, 0x90, 0x0,
    0x0, 0xe, 0xff, 0xff, 0xff, 0xff, 0xff, 0xff,
    0xff, 0xff, 0xd0, 0x0, 0x0, 0x3f, 0xff, 0xff,
    0xff, 0xff, 0xff, 0xff, 0xff, 0xff, 0xf2, 0x0,
    0x0, 0x8f, 0xff, 0xff, 0xff, 0xff, 0xff, 0xff,
    0xff, 0xff, 0xf7, 0x0, 0x0, 0xdf, 0xff, 0xfe,
    0x0, 0x0, 0x0, 0x0, 0xff, 0xff, 0xfc, 0x0,
    0x2, 0xff, 0xff, 0xfa, 0x0, 0x0, 0x0, 0x0,
    0xbf, 0xff, 0xff, 0x10, 0x7, 0xff, 0xff, 0xf6,
    0x0, 0x0, 0x0, 0x0, 0x7f, 0xff, 0xff, 0x60,
    0xc, 0xff, 0xff, 0xf2, 0x0, 0x0, 0x0, 0x0,
    0x3f, 0xff, 0xff, 0xb0, 0x1f, 0xff, 0xff, 0xe0,
    0x0, 0x0, 0x0, 0x0, 0xf, 0xff, 0xff, 0xf1,
    0x6f, 0xff, 0xff, 0x90, 0x0, 0x0, 0x0, 0x0,
    0xb, 0xff, 0xff, 0xf5,

    /* U+0042 "B" */
    0xbf, 0xff, 0xff, 0xff, 0xff, 0xec, 0x94, 0x0,
    0x0, 0xb, 0xff, 0xff, 0xff, 0xff, 0xff, 0xff,
    0xfd, 0x30, 0x0, 0xbf, 0xff, 0xff, 0xff, 0xff,
    0xff, 0xff, 0xff, 0x40, 0xb, 0xff, 0xff, 0xff,
    0xff, 0xff, 0xff, 0xff, 0xfe, 0x10, 0xbf, 0xff,
    0xff, 0xdd, 0xde, 0xff, 0xff, 0xff, 0xf8, 0xb,
    0xff, 0xff, 0xf0, 0x0, 0x1, 0x9f, 0xff, 0xff,
    0xd0, 0xbf, 0xff, 0xff, 0x0, 0x0, 0x0, 0xef,
    0xff, 0xff, 0xb, 0xff, 0xff, 0xf0, 0x0, 0x0,
    0xa, 0xff, 0xff, 0xf1, 0xbf, 0xff, 0xff, 0x0,
    0x0, 0x0, 0x9f, 0xff, 0xff, 0x1b, 0xff, 0xff,
    0xf0, 0x0, 0x0, 0xa, 0xff, 0xff, 0xf0, 0xbf,
    0xff, 0xff, 0x0, 0x0, 0x1, 0xff, 0xff, 0xfc,
    0xb, 0xff, 0xff, 0xf0, 0x0, 0x3, 0xcf, 0xff,
    0xff, 0x60, 0xbf, 0xff, 0xff, 0xff, 0xff, 0xff,
    0xff, 0xff, 0xc0, 0xb, 0xff, 0xff, 0xff, 0xff,
    0xff, 0xff, 0xff, 0xc1, 0x0, 0xbf, 0xff, 0xff,
    0xff, 0xff, 0xff, 0xff, 0xf5, 0x0, 0xb, 0xff,
    0xff, 0xff, 0xff, 0xff, 0xff, 0xff, 0xf9, 0x0,
    0xbf, 0xff, 0xff, 0x44, 0x44, 0x4a, 0xff, 0xff,
    0xf7, 0xb, 0xff, 0xff, 0xf0, 0x0, 0x0, 0xb,
    0xff, 0xff, 0xf0, 0xbf, 0xff, 0xff, 0x0, 0x0,
    0x0, 0x5f, 0xff, 0xff, 0x4b, 0xff, 0xff, 0xf0,
    0x0, 0x0, 0x2, 0xff, 0xff, 0xf7, 0xbf, 0xff,
    0xff, 0x0, 0x0, 0x0, 0x2f, 0xff, 0xff, 0x8b,
    0xff, 0xff, 0xf0, 0x0, 0x0, 0x4, 0xff, 0xff,
    0xf8, 0xbf, 0xff, 0xff, 0x0, 0x0, 0x0, 0x9f,
    0xff, 0xff, 0x6b, 0xff, 0xff, 0xf0, 0x0, 0x0,
    0x5f, 0xff, 0xff, 0xf3, 0xbf, 0xff, 0xff, 0xdd,
    0xdd, 0xef, 0xff, 0xff, 0xfd, 0xb, 0xff, 0xff,
    0xff, 0xff, 0xff, 0xff, 0xff, 0xff, 0x50, 0xbf,
    0xff, 0xff, 0xff, 0xff, 0xff, 0xff, 0xff, 0x90,
    0xb, 0xff, 0xff, 0xff, 0xff, 0xff, 0xff, 0xff,
    0x70, 0x0, 0xbf, 0xff, 0xff, 0xff, 0xff, 0xfe,
    0xb7, 0x10, 0x0, 0x0,

    /* U+0043 "C" */
    0x0, 0x0, 0x0, 0x28, 0xce, 0xff, 0xeb, 0x71,
    0x0, 0x0, 0x0, 0x0, 0x1, 0x9f, 0xff, 0xff,
    0xff, 0xff, 0xf8, 0x0, 0x0, 0x0, 0x1, 0xdf,
    0xff, 0xff, 0xff, 0xff, 0xff, 0xfb, 0x0, 0x0,
    0x0, 0xcf, 0xff, 0xff, 0xff, 0xff, 0xff, 0xff,
    0xf9, 0x0, 0x0, 0x7f, 0xff, 0xff, 0xff, 0xdd,
    0xff, 0xff, 0xff, 0xf2, 0x0, 0xe, 0xff, 0xff,
    0xf7, 0x0, 0x0, 0x8f, 0xff, 0xff, 0xa0, 0x5,
    0xff, 0xff, 0xf8, 0x0, 0x0, 0x0, 0xbf, 0xff,
    0xff, 0x0, 0xaf, 0xff, 0xff, 0x10, 0x0, 0x0,
    0x6, 0xff, 0xff, 0xf3, 0xe, 0xff, 0xff, 0xc0,
    0x0, 0x0, 0x0, 0x3f, 0xff, 0xff, 0x60, 0xff,
    0xff, 0xf9, 0x0, 0x0, 0x0, 0x1, 0xff, 0xff,
    0xf8, 0x2f, 0xff, 0xff, 0x80, 0x0, 0x0, 0x0,
    0x0, 0x0, 0x0, 0x3, 0xff, 0xff, 0xf7, 0x0,
    0x0, 0x0, 0x0, 0x0, 0x0, 0x0, 0x3f, 0xff,
    0xff, 0x70, 0x0, 0x0, 0x0, 0x0, 0x0, 0x0,
    0x3, 0xff, 0xff, 0xf7, 0x0, 0x0, 0x0, 0x0,
    0x0, 0x0, 0x0, 0x3f, 0xff, 0xff, 0x70, 0x0,
    0x0, 0x0, 0x0, 0x0, 0x0, 0x3, 0xff, 0xff,
    0xf7, 0x0, 0x0, 0x0, 0x0, 0x0, 0x0, 0x0,
    0x3f, 0xff, 0xff, 0x70, 0x0, 0x0, 0x0, 0x0,
    0x0, 0x0, 0x3, 0xff, 0xff, 0xf7, 0x0, 0x0,
    0x0, 0x0, 0x0, 0x0, 0x0, 0x2f, 0xff, 0xff,
    0x80, 0x0, 0x0, 0x0, 0x0, 0x0, 0x0, 0x0,
    0xff, 0xff, 0xf9, 0x0, 0x0, 0x0, 0x2, 0xdd,
    0xdd, 0xd7, 0xe, 0xff, 0xff, 0xb0, 0x0, 0x0,
    0x0, 0x4f, 0xff, 0xff, 0x70, 0xbf, 0xff, 0xff,
    0x0, 0x0, 0x0, 0x6, 0xff, 0xff, 0xf4, 0x6,
    0xff, 0xff, 0xf6, 0x0, 0x0, 0x0, 0xcf, 0xff,
    0xff, 0x10, 0x1f, 0xff, 0xff, 0xf5, 0x0, 0x1,
    0x9f, 0xff, 0xff, 0xb0, 0x0, 0x8f, 0xff, 0xff,
    0xff, 0xde, 0xff, 0xff, 0xff, 0xf4, 0x0, 0x0,
    0xdf, 0xff, 0xff, 0xff, 0xff, 0xff, 0xff, 0xfa,
    0x0, 0x0, 0x2, 0xef, 0xff, 0xff, 0xff, 0xff,
    0xff, 0xfb, 0x0, 0x0, 0x0, 0x1, 0xaf, 0xff,
    0xff, 0xff, 0xff, 0xf8, 0x0, 0x0, 0x0, 0x0,
    0x0, 0x38, 0xce, 0xff, 0xeb, 0x71, 0x0, 0x0,
    0x0,

    /* U+0044 "D" */
    0xbf, 0xff, 0xff, 0xff, 0xfe, 0xb7, 0x10, 0x0,
    0x0, 0xb, 0xff, 0xff, 0xff, 0xff, 0xff, 0xff,
    0x90, 0x0, 0x0, 0xbf, 0xff, 0xff, 0xff, 0xff,
    0xff, 0xff, 0xd2, 0x0, 0xb, 0xff, 0xff, 0xff,
    0xff, 0xff, 0xff, 0xff, 0xe1, 0x0, 0xbf, 0xff,
    0xff, 0xdd, 0xef, 0xff, 0xff, 0xff, 0xb0, 0xb,
    0xff, 0xff, 0xf0, 0x0, 0x5, 0xef, 0xff, 0xff,
    0x40, 0xbf, 0xff, 0xff, 0x0, 0x0, 0x2, 0xff,
    0xff, 0xfc, 0xb, 0xff, 0xff, 0xf0, 0x0, 0x0,
    0x9, 0xff, 0xff, 0xf1, 0xbf, 0xff, 0xff, 0x0,
    0x0, 0x0, 0x4f, 0xff, 0xff, 0x5b, 0xff, 0xff,
    0xf0, 0x0, 0x0, 0x1, 0xff, 0xff, 0xf8, 0xbf,
    0xff, 0xff, 0x0, 0x0, 0x0, 0xf, 0xff, 0xff,
    0xab, 0xff, 0xff, 0xf0, 0x0, 0x0, 0x0, 0xff,
    0xff, 0xfb, 0xbf, 0xff, 0xff, 0x0, 0x0, 0x0,
    0xf, 0xff, 0xff, 0xcb, 0xff, 0xff, 0xf0, 0x0,
    0x0, 0x0, 0xff, 0xff, 0xfc, 0xbf, 0xff, 0xff,
    0x0, 0x0, 0x0, 0xf, 0xff, 0xff, 0xcb, 0xff,
    0xff, 0xf0, 0x0, 0x0, 0x0, 0xff, 0xff, 0xfc,
    0xbf, 0xff, 0xff, 0x0, 0x0, 0x0, 0xf, 0xff,
    0xff, 0xcb, 0xff, 0xff, 0xf0, 0x0, 0x0, 0x0,
    0xff, 0xff, 0xfb, 0xbf, 0xff, 0xff, 0x0, 0x0,
    0x0, 0xf, 0xff, 0xff, 0xab, 0xff, 0xff, 0xf0,
    0x0, 0x0, 0x1, 0xff, 0xff, 0xf8, 0xbf, 0xff,
    0xff, 0x0, 0x0, 0x0, 0x4f, 0xff, 0xff, 0x5b,
    0xff, 0xff, 0xf0, 0x0, 0x0, 0x9, 0xff, 0xff,
    0xf1, 0xbf, 0xff, 0xff, 0x0, 0x0, 0x2, 0xff,
    0xff, 0xfc, 0xb, 0xff, 0xff, 0xf0, 0x0, 0x5,
    0xef, 0xff, 0xff, 0x50, 0xbf, 0xff, 0xff, 0xdd,
    0xdf, 0xff, 0xff, 0xff, 0xb0, 0xb, 0xff, 0xff,
    0xff, 0xff, 0xff, 0xff, 0xff, 0xe1, 0x0, 0xbf,
    0xff, 0xff, 0xff, 0xff, 0xff, 0xff, 0xd2, 0x0,
    0xb, 0xff, 0xff, 0xff, 0xff, 0xff, 0xff, 0x90,
    0x0, 0x0, 0xbf, 0xff, 0xff, 0xff, 0xfe, 0xb7,
    0x10, 0x0, 0x0, 0x0,

    /* U+0045 "E" */
    0xbf, 0xff, 0xff, 0xff, 0xff, 0xff, 0xff, 0xff,
    0x9b, 0xff, 0xff, 0xff, 0xff, 0xff, 0xff, 0xff,
    0xf9, 0xbf, 0xff, 0xff, 0xff, 0xff, 0xff, 0xff,
    0xff, 0x9b, 0xff, 0xff, 0xff, 0xff, 0xff, 0xff,
    0xff, 0xf9, 0xbf, 0xff, 0xff, 0xdd, 0xdd, 0xdd,
    0xdd, 0xdd, 0x7b, 0xff, 0xff, 0xf0, 0x0, 0x0,
    0x0, 0x0, 0x0, 0xbf, 0xff, 0xff, 0x0, 0x0,
    0x0, 0x0, 0x0, 0xb, 0xff, 0xff, 0xf0, 0x0,
    0x0, 0x0, 0x0, 0x0, 0xbf, 0xff, 0xff, 0x0,
    0x0, 0x0, 0x0, 0x0, 0xb, 0xff, 0xff, 0xf0,
    0x0, 0x0, 0x0, 0x0, 0x0, 0xbf, 0xff, 0xff,
    0x0, 0x0, 0x0, 0x0, 0x0, 0xb, 0xff, 0xff,
    0xf0, 0x0, 0x0, 0x0, 0x0, 0x0, 0xbf, 0xff,
    0xff, 0xff, 0xff, 0xff, 0xff, 0xf0, 0xb, 0xff,
    0xff, 0xff, 0xff, 0xff, 0xff, 0xff, 0x0, 0xbf,
    0xff, 0xff, 0xff, 0xff, 0xff, 0xff, 0xf0, 0xb,
    0xff, 0xff, 0xff, 0xff, 0xff, 0xff, 0xff, 0x0,
    0xbf, 0xff, 0xff, 0xbb, 0xbb, 0xbb, 0xbb, 0xa0,
    0xb, 0xff, 0xff, 0xf0, 0x0, 0x0, 0x0, 0x0,
    0x0, 0xbf, 0xff, 0xff, 0x0, 0x0, 0x0, 0x0,
    0x0, 0xb, 0xff, 0xff, 0xf0, 0x0, 0x0, 0x0,
    0x0, 0x0, 0xbf, 0xff, 0xff, 0x0, 0x0, 0x0,
    0x0, 0x0, 0xb, 0xff, 0xff, 0xf0, 0x0, 0x0,
    0x0, 0x0, 0x0, 0xbf, 0xff, 0xff, 0x0, 0x0,
    0x0, 0x0, 0x0, 0xb, 0xff, 0xff, 0xf0, 0x0,
    0x0, 0x0, 0x0, 0x0, 0xbf, 0xff, 0xff, 0xdd,
    0xdd, 0xdd, 0xdd, 0xdd, 0x8b, 0xff, 0xff, 0xff,
    0xff, 0xff, 0xff, 0xff, 0xf9, 0xbf, 0xff, 0xff,
    0xff, 0xff, 0xff, 0xff, 0xff, 0x9b, 0xff, 0xff,
    0xff, 0xff, 0xff, 0xff, 0xff, 0xf9, 0xbf, 0xff,
    0xff, 0xff, 0xff, 0xff, 0xff, 0xff, 0x90,

    /* U+0046 "F" */
    0xbf, 0xff, 0xff, 0xff, 0xff, 0xff, 0xff, 0xff,
    0xb, 0xff, 0xff, 0xff, 0xff, 0xff, 0xff, 0xff,
    0xf0, 0xbf, 0xff, 0xff, 0xff, 0xff, 0xff, 0xff,
    0xff, 0xb, 0xff, 0xff, 0xff, 0xff, 0xff, 0xff,
    0xff, 0xf0, 0xbf, 0xff, 0xff, 0xdd, 0xdd, 0xdd,
    0xdd, 0xdd, 0xb, 0xff, 0xff, 0xf0, 0x0, 0x0,
    0x0, 0x0, 0x0, 0xbf, 0xff, 0xff, 0x0, 0x0,
    0x0, 0x0, 0x0, 0xb, 0xff, 0xff, 0xf0, 0x0,
    0x0, 0x0, 0x0, 0x0, 0xbf, 0xff, 0xff, 0x0,
    0x0, 0x0, 0x0, 0x0, 0xb, 0xff, 0xff, 0xf0,
    0x0, 0x0, 0x0, 0x0, 0x0, 0xbf, 0xff, 0xff,
    0x0, 0x0, 0x0, 0x0, 0x0, 0xb, 0xff, 0xff,
    0xf0, 0x0, 0x0, 0x0, 0x0, 0x0, 0xbf, 0xff,
    0xff, 0xdd, 0xdd, 0xdd, 0xdd, 0xc0, 0xb, 0xff,
    0xff, 0xff, 0xff, 0xff, 0xff, 0xff, 0x0, 0xbf,
    0xff, 0xff, 0xff, 0xff, 0xff, 0xff, 0xf0, 0xb,
    0xff, 0xff, 0xff, 0xff, 0xff, 0xff, 0xff, 0x0,
    0xbf, 0xff, 0xff, 0xff, 0xff, 0xff, 0xff, 0xf0,
    0xb, 0xff, 0xff, 0xf0, 0x0, 0x0, 0x0, 0x0,
    0x0, 0xbf, 0xff, 0xff, 0x0, 0x0, 0x0, 0x0,
    0x0, 0xb, 0xff, 0xff, 0xf0, 0x0, 0x0, 0x0,
    0x0, 0x0, 0xbf, 0xff, 0xff, 0x0, 0x0, 0x0,
    0x0, 0x0, 0xb, 0xff, 0xff, 0xf0, 0x0, 0x0,
    0x0, 0x0, 0x0, 0xbf, 0xff, 0xff, 0x0, 0x0,
    0x0, 0x0, 0x0, 0xb, 0xff, 0xff, 0xf0, 0x0,
    0x0, 0x0, 0x0, 0x0, 0xbf, 0xff, 0xff, 0x0,
    0x0, 0x0, 0x0, 0x0, 0xb, 0xff, 0xff, 0xf0,
    0x0, 0x0, 0x0, 0x0, 0x0, 0xbf, 0xff, 0xff,
    0x0, 0x0, 0x0, 0x0, 0x0, 0xb, 0xff, 0xff,
    0xf0, 0x0, 0x0, 0x0, 0x0, 0x0, 0xbf, 0xff,
    0xff, 0x0, 0x0, 0x0, 0x0, 0x0, 0x0,

    /* U+0047 "G" */
    0x0, 0x0, 0x0, 0x28, 0xce, 0xff, 0xec, 0x93,
    0x0, 0x0, 0x0, 0x0, 0x0, 0x9f, 0xff, 0xff,
    0xff, 0xff, 0xfc, 0x20, 0x0, 0x0, 0x1, 0xdf,
    0xff, 0xff, 0xff, 0xff, 0xff, 0xfe, 0x30, 0x0,
    0x0, 0xcf, 0xff, 0xff, 0xff, 0xff, 0xff, 0xff,
    0xfd, 0x0, 0x0, 0x7f, 0xff, 0xff, 0xff, 0xdd,
    0xff, 0xff, 0xff, 0xf7, 0x0, 0xe, 0xff, 0xff,
    0xfa, 0x10, 0x0, 0x7f, 0xff, 0xff, 0xd0, 0x5,
    0xff, 0xff, 0xfb, 0x0, 0x0, 0x0, 0x9f, 0xff,
    0xff, 0x20, 0x9f, 0xff, 0xff, 0x30, 0x0, 0x0,
    0x3, 0xff, 0xff, 0xf6, 0xd, 0xff, 0xff, 0xe0,
    0x0, 0x0, 0x0, 0xf, 0xff, 0xff, 0x80, 0xff,
    0xff, 0xfb, 0x0, 0x0, 0x0, 0x0, 0x45, 0x55,
    0x53, 0x1f, 0xff, 0xff, 0xa0, 0x0, 0x0, 0x0,
    0x0, 0x0, 0x0, 0x1, 0xff, 0xff, 0xf9, 0x0,
    0x0, 0x0, 0x0, 0x0, 0x0, 0x0, 0x2f, 0xff,
    0xff, 0x90, 0x0, 0x0, 0x0, 0x0, 0x0, 0x0,
    0x2, 0xff, 0xff, 0xf9, 0x0, 0x1, 0x66, 0x66,
    0x66, 0x66, 0x64, 0x2f, 0xff, 0xff, 0x90, 0x0,
    0x2f, 0xff, 0xff, 0xff, 0xff, 0xa2, 0xff, 0xff,
    0xf9, 0x0, 0x2, 0xff, 0xff, 0xff, 0xff, 0xfa,
    0x2f, 0xff, 0xff, 0x90, 0x0, 0x2f, 0xff, 0xff,
    0xff, 0xff, 0xa1, 0xff, 0xff, 0xf9, 0x0, 0x2,
    0xff, 0xff, 0xff, 0xff, 0xfa, 0x1f, 0xff, 0xff,
    0xa0, 0x0, 0x0, 0x0, 0x1f, 0xff, 0xff, 0xa0,
    0xff, 0xff, 0xfc, 0x0, 0x0, 0x0, 0x1, 0xff,
    0xff, 0xfa, 0xd, 0xff, 0xff, 0xf0, 0x0, 0x0,
    0x0, 0x1f, 0xff, 0xff, 0xa0, 0x9f, 0xff, 0xff,
    0x40, 0x0, 0x0, 0x1, 0xff, 0xff, 0xfa, 0x4,
    0xff, 0xff, 0xfd, 0x0, 0x0, 0x0, 0x1f, 0xff,
    0xff, 0xa0, 0xe, 0xff, 0xff, 0xfc, 0x30, 0x0,
    0x2a, 0xff, 0xff, 0xfa, 0x0, 0x6f, 0xff, 0xff,
    0xff, 0xfd, 0xef, 0xff, 0xff, 0xff, 0xa0, 0x0,
    0xbf, 0xff, 0xff, 0xff, 0xff, 0xff, 0xff, 0xff,
    0xf6, 0x0, 0x0, 0xbf, 0xff, 0xff, 0xff, 0xff,
    0xff, 0xff, 0xf5, 0x0, 0x0, 0x0, 0x7f, 0xff,
    0xff, 0xff, 0xff, 0xff, 0xa1, 0x0, 0x0, 0x0,
    0x0, 0x16, 0xbe, 0xff, 0xfd, 0xb7, 0x10, 0x0,
    0x0,

    /* U+0048 "H" */
    0xbf, 0xff, 0xff, 0x0, 0x0, 0x0, 0x0, 0x7f,
    0xff, 0xff, 0x3b, 0xff, 0xff, 0xf0, 0x0, 0x0,
    0x0, 0x7, 0xff, 0xff, 0xf3, 0xbf, 0xff, 0xff,
    0x0, 0x0, 0x0, 0x0, 0x7f, 0xff, 0xff, 0x3b,
    0xff, 0xff, 0xf0, 0x0, 0x0, 0x0, 0x7, 0xff,
    0xff, 0xf3, 0xbf, 0xff, 0xff, 0x0, 0x0, 0x0,
    0x0, 0x7f, 0xff, 0xff, 0x3b, 0xff, 0xff, 0xf0,
    0x0, 0x0, 0x0, 0x7, 0xff, 0xff, 0xf3, 0xbf,
    0xff, 0xff, 0x0, 0x0, 0x0, 0x0, 0x7f, 0xff,
    0xff, 0x3b, 0xff, 0xff, 0xf0, 0x0, 0x0, 0x0,
    0x7, 0xff, 0xff, 0xf3, 0xbf, 0xff, 0xff, 0x0,
    0x0, 0x0, 0x0, 0x7f, 0xff, 0xff, 0x3b, 0xff,
    0xff, 0xf0, 0x0, 0x0, 0x0, 0x7, 0xff, 0xff,
    0xf3, 0xbf, 0xff, 0xff, 0x0, 0x0, 0x0, 0x0,
    0x7f, 0xff, 0xff, 0x3b, 0xff, 0xff, 0xf0, 0x0,
    0x0, 0x0, 0x7, 0xff, 0xff, 0xf3, 0xbf, 0xff,
    0xff, 0xff, 0xff, 0xff, 0xff, 0xff, 0xff, 0xff,
    0x3b, 0xff, 0xff, 0xff, 0xff, 0xff, 0xff, 0xff,
    0xff, 0xff, 0xf3, 0xbf, 0xff, 0xff, 0xff, 0xff,
    0xff, 0xff, 0xff, 0xff, 0xff, 0x3b, 0xff, 0xff,
    0xff, 0xff, 0xff, 0xff, 0xff, 0xff, 0xff, 0xf3,
    0xbf, 0xff, 0xff, 0xdd, 0xdd, 0xdd, 0xdd, 0xef,
    0xff, 0xff, 0x3b, 0xff, 0xff, 0xf0, 0x0, 0x0,
    0x0, 0x7, 0xff, 0xff, 0xf3, 0xbf, 0xff, 0xff,
    0x0, 0x0, 0x0, 0x0, 0x7f, 0xff, 0xff, 0x3b,
    0xff, 0xff, 0xf0, 0x0, 0x0, 0x0, 0x7, 0xff,
    0xff, 0xf3, 0xbf, 0xff, 0xff, 0x0, 0x0, 0x0,
    0x0, 0x7f, 0xff, 0xff, 0x3b, 0xff, 0xff, 0xf0,
    0x0, 0x0, 0x0, 0x7, 0xff, 0xff, 0xf3, 0xbf,
    0xff, 0xff, 0x0, 0x0, 0x0, 0x0, 0x7f, 0xff,
    0xff, 0x3b, 0xff, 0xff, 0xf0, 0x0, 0x0, 0x0,
    0x7, 0xff, 0xff, 0xf3, 0xbf, 0xff, 0xff, 0x0,
    0x0, 0x0, 0x0, 0x7f, 0xff, 0xff, 0x3b, 0xff,
    0xff, 0xf0, 0x0, 0x0, 0x0, 0x7, 0xff, 0xff,
    0xf3, 0xbf, 0xff, 0xff, 0x0, 0x0, 0x0, 0x0,
    0x7f, 0xff, 0xff, 0x3b, 0xff, 0xff, 0xf0, 0x0,
    0x0, 0x0, 0x7, 0xff, 0xff, 0xf3, 0xbf, 0xff,
    0xff, 0x0, 0x0, 0x0, 0x0, 0x7f, 0xff, 0xff,
    0x30,

    /* U+0049 "I" */
    0x7f, 0xff, 0xff, 0x47, 0xff, 0xff, 0xf4, 0x7f,
    0xff, 0xff, 0x47, 0xff, 0xff, 0xf4, 0x7f, 0xff,
    0xff, 0x47, 0xff, 0xff, 0xf4, 0x7f, 0xff, 0xff,
    0x47, 0xff, 0xff, 0xf4, 0x7f, 0xff, 0xff, 0x47,
    0xff, 0xff, 0xf4, 0x7f, 0xff, 0xff, 0x47, 0xff,
    0xff, 0xf4, 0x7f, 0xff, 0xff, 0x47, 0xff, 0xff,
    0xf4, 0x7f, 0xff, 0xff, 0x47, 0xff, 0xff, 0xf4,
    0x7f, 0xff, 0xff, 0x47, 0xff, 0xff, 0xf4, 0x7f,
    0xff, 0xff, 0x47, 0xff, 0xff, 0xf4, 0x7f, 0xff,
    0xff, 0x47, 0xff, 0xff, 0xf4, 0x7f, 0xff, 0xff,
    0x47, 0xff, 0xff, 0xf4, 0x7f, 0xff, 0xff, 0x47,
    0xff, 0xff, 0xf4, 0x7f, 0xff, 0xff, 0x47, 0xff,
    0xff, 0xf4, 0x7f, 0xff, 0xff, 0x40,

    /* U+004A "J" */
    0x0, 0x0, 0x0, 0x0, 0x0, 0x5, 0xff, 0xff,
    0xf5, 0x0, 0x0, 0x0, 0x0, 0x0, 0x5, 0xff,
    0xff, 0xf5, 0x0, 0x0, 0x0, 0x0, 0x0, 0x5,
    0xff, 0xff, 0xf5, 0x0, 0x0, 0x0, 0x0, 0x0,
    0x5, 0xff, 0xff, 0xf5, 0x0, 0x0, 0x0, 0x0,
    0x0, 0x5, 0xff, 0xff, 0xf5, 0x0, 0x0, 0x0,
    0x0, 0x0, 0x5, 0xff, 0xff, 0xf5, 0x0, 0x0,
    0x0, 0x0, 0x0, 0x5, 0xff, 0xff, 0xf5, 0x0,
    0x0, 0x0, 0x0, 0x0, 0x5, 0xff, 0xff, 0xf5,
    0x0, 0x0, 0x0, 0x0, 0x0, 0x5, 0xff, 0xff,
    0xf5, 0x0, 0x0, 0x0, 0x0, 0x0, 0x5, 0xff,
    0xff, 0xf5, 0x0, 0x0, 0x0, 0x0, 0x0, 0x5,
    0xff, 0xff, 0xf5, 0x0, 0x0, 0x0, 0x0, 0x0,
    0x5, 0xff, 0xff, 0xf5, 0x0, 0x0, 0x0, 0x0,
    0x0, 0x5, 0xff, 0xff, 0xf5, 0x0, 0x0, 0x0,
    0x0, 0x0, 0x5, 0xff, 0xff, 0xf5, 0x0, 0x0,
    0x0, 0x0, 0x0, 0x5, 0xff, 0xff, 0xf5, 0x0,
    0x0, 0x0, 0x0, 0x0, 0x5, 0xff, 0xff, 0xf5,
    0x0, 0x0, 0x0, 0x0, 0x0, 0x5, 0xff, 0xff,
    0xf5, 0x0, 0x0, 0x0, 0x0, 0x0, 0x5, 0xff,
    0xff, 0xf5, 0x0, 0x0, 0x0, 0x0, 0x0, 0x5,
    0xff, 0xff, 0xf5, 0x0, 0x0, 0x0, 0x0, 0x0,
    0x5, 0xff, 0xff, 0xf5, 0x1e, 0xee, 0xee, 0x90,
    0x0, 0x6, 0xff, 0xff, 0xf5, 0xf, 0xff, 0xff,
    0xb0, 0x0, 0x8, 0xff, 0xff, 0xf4, 0xe, 0xff,
    0xff, 0xf0, 0x0, 0xc, 0xff, 0xff, 0xf1, 0xa,
    0xff, 0xff, 0xf9, 0x0, 0x6f, 0xff, 0xff, 0xc0,
    0x4, 0xff, 0xff, 0xff, 0xee, 0xff, 0xff, 0xff,
    0x60, 0x0, 0xcf, 0xff, 0xff, 0xff, 0xff, 0xff,
    0xfc, 0x0, 0x0, 0x2e, 0xff, 0xff, 0xff, 0xff,
    0xff, 0xe1, 0x0, 0x0, 0x2, 0xcf, 0xff, 0xff,
    0xff, 0xfc, 0x10, 0x0, 0x0, 0x0, 0x4, 0xad,
    0xff, 0xea, 0x50, 0x0, 0x0,

    /* U+004B "K" */
    0xbf, 0xff, 0xff, 0x0, 0x0, 0x0, 0x1f, 0xff,
    0xff, 0xfd, 0xb, 0xff, 0xff, 0xf0, 0x0, 0x0,
    0xa, 0xff, 0xff, 0xff, 0x30, 0xbf, 0xff, 0xff,
    0x0, 0x0, 0x3, 0xff, 0xff, 0xff, 0x80, 0xb,
    0xff, 0xff, 0xf0, 0x0, 0x0, 0xcf, 0xff, 0xff,
    0xe0, 0x0, 0xbf, 0xff, 0xff, 0x0, 0x0, 0x5f,
    0xff, 0xff, 0xf4, 0x0, 0xb, 0xff, 0xff, 0xf0,
    0x0, 0xd, 0xff, 0xff, 0xfa, 0x0, 0x0, 0xbf,
    0xff, 0xff, 0x0, 0x7, 0xff, 0xff, 0xfe, 0x10,
    0x0, 0xb, 0xff, 0xff, 0xf0, 0x1, 0xef, 0xff,
    0xff, 0x50, 0x0, 0x0, 0xbf, 0xff, 0xff, 0x0,
    0x9f, 0xff, 0xff, 0xb0, 0x0, 0x0, 0xb, 0xff,
    0xff, 0xf0, 0x2f, 0xff, 0xff, 0xf1, 0x0, 0x0,
    0x0, 0xbf, 0xff, 0xff, 0xb, 0xff, 0xff, 0xf6,
    0x0, 0x0, 0x0, 0xb, 0xff, 0xff, 0xf5, 0xff,
    0xff, 0xfc, 0x0, 0x0, 0x0, 0x0, 0xbf, 0xff,
    0xff, 0xef, 0xff, 0xff, 0x20, 0x0, 0x0, 0x0,
    0xb, 0xff, 0xff, 0xff, 0xff, 0xff, 0xf5, 0x0,
    0x0, 0x0, 0x0, 0xbf, 0xff, 0xff, 0xff, 0xff,
    0xff, 0xd0, 0x0, 0x0, 0x0, 0xb, 0xff, 0xff,
    0xff, 0xff, 0xff, 0xff, 0x60, 0x0, 0x0, 0x0,
    0xbf, 0xff, 0xff, 0xff, 0xff, 0xff, 0xfd, 0x0,
    0x0, 0x0, 0xb, 0xff, 0xff, 0xff, 0xff, 0xff,
    0xff, 0xf6, 0x0, 0x0, 0x0, 0xbf, 0xff, 0xff,
    0xfb, 0x5f, 0xff, 0xff, 0xe0, 0x0, 0x0, 0xb,
    0xff, 0xff, 0xfd, 0x10, 0xdf, 0xff, 0xff, 0x60,
    0x0, 0x0, 0xbf, 0xff, 0xff, 0x30, 0x6, 0xff,
    0xff, 0xfe, 0x0, 0x0, 0xb, 0xff, 0xff, 0xf0,
    0x0, 0xe, 0xff, 0xff, 0xf7, 0x0, 0x0, 0xbf,
    0xff, 0xff, 0x0, 0x0, 0x7f, 0xff, 0xff, 0xe0,
    0x0, 0xb, 0xff, 0xff, 0xf0, 0x0, 0x1, 0xff,
    0xff, 0xff, 0x70, 0x0, 0xbf, 0xff, 0xff, 0x0,
    0x0, 0x8, 0xff, 0xff, 0xfe, 0x0, 0xb, 0xff,
    0xff, 0xf0, 0x0, 0x0, 0x1f, 0xff, 0xff, 0xf7,
    0x0, 0xbf, 0xff, 0xff, 0x0, 0x0, 0x0, 0x9f,
    0xff, 0xff, 0xf1, 0xb, 0xff, 0xff, 0xf0, 0x0,
    0x0, 0x2, 0xff, 0xff, 0xff, 0x80, 0xbf, 0xff,
    0xff, 0x0, 0x0, 0x0, 0xa, 0xff, 0xff, 0xff,
    0x10,

    /* U+004C "L" */
    0xbf, 0xff, 0xff, 0x0, 0x0, 0x0, 0x0, 0x0,
    0xb, 0xff, 0xff, 0xf0, 0x0, 0x0, 0x0, 0x0,
    0x0, 0xbf, 0xff, 0xff, 0x0, 0x0, 0x0, 0x0,
    0x0, 0xb, 0xff, 0xff, 0xf0, 0x0, 0x0, 0x0,
    0x0, 0x0, 0xbf, 0xff, 0xff, 0x0, 0x0, 0x0,
    0x0, 0x0, 0xb, 0xff, 0xff, 0xf0, 0x0, 0x0,
    0x0, 0x0, 0x0, 0xbf, 0xff, 0xff, 0x0, 0x0,
    0x0, 0x0, 0x0, 0xb, 0xff, 0xff, 0xf0, 0x0,
    0x0, 0x0, 0x0, 0x0, 0xbf, 0xff, 0xff, 0x0,
    0x0, 0x0, 0x0, 0x0, 0xb, 0xff, 0xff, 0xf0,
    0x0, 0x0, 0x0, 0x0, 0x0, 0xbf, 0xff, 0xff,
    0x0, 0x0, 0x0, 0x0, 0x0, 0xb, 0xff, 0xff,
    0xf0, 0x0, 0x0, 0x0, 0x0, 0x0, 0xbf, 0xff,
    0xff, 0x0, 0x0, 0x0, 0x0, 0x0, 0xb, 0xff,
    0xff, 0xf0, 0x0, 0x0, 0x0, 0x0, 0x0, 0xbf,
    0xff, 0xff, 0x0, 0x0, 0x0, 0x0, 0x0, 0xb,
    0xff, 0xff, 0xf0, 0x0, 0x0, 0x0, 0x0, 0x0,
    0xbf, 0xff, 0xff, 0x0, 0x0, 0x0, 0x0, 0x0,
    0xb, 0xff, 0xff, 0xf0, 0x0, 0x0, 0x0, 0x0,
    0x0, 0xbf, 0xff, 0xff, 0x0, 0x0, 0x0, 0x0,
    0x0, 0xb, 0xff, 0xff, 0xf0, 0x0, 0x0, 0x0,
    0x0, 0x0, 0xbf, 0xff, 0xff, 0x0, 0x0, 0x0,
    0x0, 0x0, 0xb, 0xff, 0xff, 0xf0, 0x0, 0x0,
    0x0, 0x0, 0x0, 0xbf, 0xff, 0xff, 0x0, 0x0,
    0x0, 0x0, 0x0, 0xb, 0xff, 0xff, 0xf0, 0x0,
    0x0, 0x0, 0x0, 0x0, 0xbf, 0xff, 0xff, 0xdd,
    0xdd, 0xdd, 0xdd, 0xdd, 0x1b, 0xff, 0xff, 0xff,
    0xff, 0xff, 0xff, 0xff, 0xf1, 0xbf, 0xff, 0xff,
    0xff, 0xff, 0xff, 0xff, 0xff, 0x1b, 0xff, 0xff,
    0xff, 0xff, 0xff, 0xff, 0xff, 0xf1, 0xbf, 0xff,
    0xff, 0xff, 0xff, 0xff, 0xff, 0xff, 0x10,

    /* U+004D "M" */
    0xbf, 0xff, 0xff, 0xf8, 0x0, 0x0, 0x0, 0x0,
    0x0, 0x3f, 0xff, 0xff, 0xff, 0xbf, 0xff, 0xff,
    0xfc, 0x0, 0x0, 0x0, 0x0, 0x0, 0x8f, 0xff,
    0xff, 0xff, 0xbf, 0xff, 0xff, 0xff, 0x10, 0x0,
    0x0, 0x0, 0x0, 0xcf, 0xff, 0xff, 0xff, 0xbf,
    0xff, 0xff, 0xff, 0x60, 0x0, 0x0, 0x0, 0x1,
    0xff, 0xff, 0xff, 0xff, 0xbf, 0xff, 0xff, 0xff,
    0xa0, 0x0, 0x0, 0x0, 0x6, 0xff, 0xff, 0xff,
    0xff, 0xbf, 0xff, 0xff, 0xff, 0xf0, 0x0, 0x0,
    0x0, 0xa, 0xff, 0xff, 0xff, 0xff, 0xbf, 0xff,
    0xff, 0xff, 0xf4, 0x0, 0x0, 0x0, 0xf, 0xff,
    0xff, 0xff, 0xff, 0xbf, 0xff, 0xff, 0xff, 0xf8,
    0x0, 0x0, 0x0, 0x4f, 0xff, 0xff, 0xff, 0xff,
    0xbf, 0xff, 0xff, 0xff, 0xfd, 0x0, 0x0, 0x0,
    0x8f, 0xff, 0xff, 0xff, 0xff, 0xbf, 0xff, 0xff,
    0xff, 0xff, 0x20, 0x0, 0x0, 0xdf, 0xff, 0xef,
    0xff, 0xff, 0xbf, 0xff, 0xff, 0xff, 0xff, 0x60,
    0x0, 0x1, 0xff, 0xff, 0xaf, 0xff, 0xff, 0xbf,
    0xff, 0xfc, 0xff, 0xff, 0xb0, 0x0, 0x6, 0xff,
    0xff, 0x6f, 0xff, 0xff, 0xbf, 0xff, 0xf9, 0xef,
    0xff, 0xf0, 0x0, 0xb, 0xff, 0xfe, 0x4f, 0xff,
    0xff, 0xbf, 0xff, 0xf9, 0x9f, 0xff, 0xf4, 0x0,
    0xf, 0xff, 0xf9, 0x5f, 0xff, 0xff, 0xbf, 0xff,
    0xfa, 0x5f, 0xff, 0xf9, 0x0, 0x4f, 0xff, 0xf5,
    0x5f, 0xff, 0xff, 0xbf, 0xff, 0xfb, 0xf, 0xff,
    0xfe, 0x0, 0x9f, 0xff, 0xf1, 0x6f, 0xff, 0xff,
    0xbf, 0xff, 0xfb, 0xb, 0xff, 0xff, 0x20, 0xdf,
    0xff, 0xc0, 0x6f, 0xff, 0xff, 0xbf, 0xff, 0xfc,
    0x6, 0xff, 0xff, 0x72, 0xff, 0xff, 0x70, 0x7f,
    0xff, 0xff, 0xbf, 0xff, 0xfc, 0x2, 0xff, 0xff,
    0xc7, 0xff, 0xff, 0x30, 0x7f, 0xff, 0xff, 0xbf,
    0xff, 0xfd, 0x0, 0xdf, 0xff, 0xfc, 0xff, 0xfe,
    0x0, 0x8f, 0xff, 0xff, 0xbf, 0xff, 0xfd, 0x0,
    0x8f, 0xff, 0xff, 0xff, 0xfa, 0x0, 0x8f, 0xff,
    0xff, 0xbf, 0xff, 0xfd, 0x0, 0x3f, 0xff, 0xff,
    0xff, 0xf6, 0x0, 0x8f, 0xff, 0xff, 0xbf, 0xff,
    0xfd, 0x0, 0xe, 0xff, 0xff, 0xff, 0xf1, 0x0,
    0x8f, 0xff, 0xff, 0xbf, 0xff, 0xfd, 0x0, 0xa,
    0xff, 0xff, 0xff, 0xd0, 0x0, 0x8f, 0xff, 0xff,
    0xbf, 0xff, 0xfd, 0x0, 0x5, 0xff, 0xff, 0xff,
    0x80, 0x0, 0x8f, 0xff, 0xff, 0xbf, 0xff, 0xfd,
    0x0, 0x0, 0xff, 0xff, 0xff, 0x40, 0x0, 0x8f,
    0xff, 0xff, 0xbf, 0xff, 0xfd, 0x0, 0x0, 0xbf,
    0xff, 0xff, 0x0, 0x0, 0x8f, 0xff, 0xff, 0xbf,
    0xff, 0xfd, 0x0, 0x0, 0x6f, 0xff, 0xfb, 0x0,
    0x0, 0x8f, 0xff, 0xff, 0xbf, 0xff, 0xfd, 0x0,
    0x0, 0x2f, 0xff, 0xf6, 0x0, 0x0, 0x8f, 0xff,
    0xff,

    /* U+004E "N" */
    0xbf, 0xff, 0xff, 0x10, 0x0, 0x0, 0x0, 0x3f,
    0xff, 0xff, 0x3b, 0xff, 0xff, 0xf7, 0x0, 0x0,
    0x0, 0x3, 0xff, 0xff, 0xf3, 0xbf, 0xff, 0xff,
    0xe0, 0x0, 0x0, 0x0, 0x3f, 0xff, 0xff, 0x3b,
    0xff, 0xff, 0xff, 0x70, 0x0, 0x0, 0x3, 0xff,
    0xff, 0xf3, 0xbf, 0xff, 0xff, 0xfe, 0x0, 0x0,
    0x0, 0x3f, 0xff, 0xff, 0x3b, 0xff, 0xff, 0xff,
    0xf7, 0x0, 0x0, 0x3, 0xff, 0xff, 0xf3, 0xbf,
    0xff, 0xff, 0xff, 0xe0, 0x0, 0x0, 0x3f, 0xff,
    0xff, 0x3b, 0xff, 0xff, 0xff, 0xff, 0x70, 0x0,
    0x3, 0xff, 0xff, 0xf3, 0xbf, 0xff, 0xff, 0xff,
    0xfe, 0x0, 0x0, 0x3f, 0xff, 0xff, 0x3b, 0xff,
    0xff, 0xff, 0xff, 0xf6, 0x0, 0x3, 0xff, 0xff,
    0xf3, 0xbf, 0xff, 0xff, 0xff, 0xff, 0xe0, 0x0,
    0x3f, 0xff, 0xff, 0x3b, 0xff, 0xff, 0xce, 0xff,
    0xff, 0x60, 0x3, 0xff, 0xff, 0xf3, 0xbf, 0xff,
    0xfb, 0x7f, 0xff, 0xfd, 0x0, 0x3f, 0xff, 0xff,
    0x3b, 0xff, 0xff, 0xb0, 0xef, 0xff, 0xf6, 0x3,
    0xff, 0xff, 0xf3, 0xbf, 0xff, 0xfb, 0x7, 0xff,
    0xff, 0xd0, 0x3f, 0xff, 0xff, 0x3b, 0xff, 0xff,
    0xb0, 0xe, 0xff, 0xff, 0x53, 0xff, 0xff, 0xf3,
    0xbf, 0xff, 0xfb, 0x0, 0x7f, 0xff, 0xfd, 0x3f,
    0xff, 0xff, 0x3b, 0xff, 0xff, 0xb0, 0x1, 0xff,
    0xff, 0xf9, 0xff, 0xff, 0xf3, 0xbf, 0xff, 0xfb,
    0x0, 0x8, 0xff, 0xff, 0xff, 0xff, 0xff, 0x3b,
    0xff, 0xff, 0xb0, 0x0, 0x1f, 0xff, 0xff, 0xff,
    0xff, 0xf3, 0xbf, 0xff, 0xfb, 0x0, 0x0, 0x8f,
    0xff, 0xff, 0xff, 0xff, 0x3b, 0xff, 0xff, 0xb0,
    0x0, 0x1, 0xff, 0xff, 0xff, 0xff, 0xf3, 0xbf,
    0xff, 0xfb, 0x0, 0x0, 0x8, 0xff, 0xff, 0xff,
    0xff, 0x3b, 0xff, 0xff, 0xb0, 0x0, 0x0, 0x1f,
    0xff, 0xff, 0xff, 0xf3, 0xbf, 0xff, 0xfb, 0x0,
    0x0, 0x0, 0x9f, 0xff, 0xff, 0xff, 0x3b, 0xff,
    0xff, 0xb0, 0x0, 0x0, 0x1, 0xff, 0xff, 0xff,
    0xf3, 0xbf, 0xff, 0xfb, 0x0, 0x0, 0x0, 0x9,
    0xff, 0xff, 0xff, 0x3b, 0xff, 0xff, 0xb0, 0x0,
    0x0, 0x0, 0x1f, 0xff, 0xff, 0xf3, 0xbf, 0xff,
    0xfb, 0x0, 0x0, 0x0, 0x0, 0x9f, 0xff, 0xff,
    0x30,

    /* U+004F "O" */
    0x0, 0x0, 0x0, 0x16, 0xbe, 0xff, 0xeb, 0x71,
    0x0, 0x0, 0x0, 0x0, 0x0, 0x7, 0xff, 0xff,
    0xff, 0xff, 0xff, 0x80, 0x0, 0x0, 0x0, 0x0,
    0xbf, 0xff, 0xff, 0xff, 0xff, 0xff, 0xfc, 0x10,
    0x0, 0x0, 0xa, 0xff, 0xff, 0xff, 0xff, 0xff,
    0xff, 0xff, 0xc0, 0x0, 0x0, 0x5f, 0xff, 0xff,
    0xff, 0xee, 0xff, 0xff, 0xff, 0xf7, 0x0, 0x0,
    0xdf, 0xff, 0xff, 0xb2, 0x0, 0x1a, 0xff, 0xff,
    0xfe, 0x0, 0x4, 0xff, 0xff, 0xfb, 0x0, 0x0,
    0x0, 0xaf, 0xff, 0xff, 0x60, 0x9, 0xff, 0xff,
    0xf3, 0x0, 0x0, 0x0, 0x2f, 0xff, 0xff, 0xb0,
    0xd, 0xff, 0xff, 0xe0, 0x0, 0x0, 0x0, 0xc,
    0xff, 0xff, 0xe0, 0xf, 0xff, 0xff, 0xb0, 0x0,
    0x0, 0x0, 0x9, 0xff, 0xff, 0xf1, 0x1f, 0xff,
    0xff, 0x90, 0x0, 0x0, 0x0, 0x7, 0xff, 0xff,
    0xf3, 0x2f, 0xff, 0xff, 0x80, 0x0, 0x0, 0x0,
    0x6, 0xff, 0xff, 0xf4, 0x2f, 0xff, 0xff, 0x80,
    0x0, 0x0, 0x0, 0x6, 0xff, 0xff, 0xf4, 0x2f,
    0xff, 0xff, 0x80, 0x0, 0x0, 0x0, 0x6, 0xff,
    0xff, 0xf4, 0x2f, 0xff, 0xff, 0x80, 0x0, 0x0,
    0x0, 0x6, 0xff, 0xff, 0xf4, 0x2f, 0xff, 0xff,
    0x80, 0x0, 0x0, 0x0, 0x6, 0xff, 0xff, 0xf4,
    0x2f, 0xff, 0xff, 0x80, 0x0, 0x0, 0x0, 0x6,
    0xff, 0xff, 0xf4, 0x2f, 0xff, 0xff, 0x80, 0x0,
    0x0, 0x0, 0x6, 0xff, 0xff, 0xf4, 0x1f, 0xff,
    0xff, 0x90, 0x0, 0x0, 0x0, 0x7, 0xff, 0xff,
    0xf3, 0xf, 0xff, 0xff, 0xa0, 0x0, 0x0, 0x0,
    0x9, 0xff, 0xff, 0xf2, 0xd, 0xff, 0xff, 0xe0,
    0x0, 0x0, 0x0, 0xc, 0xff, 0xff, 0xf0, 0x9,
    0xff, 0xff, 0xf3, 0x0, 0x0, 0x0, 0x1f, 0xff,
    0xff, 0xc0, 0x5, 0xff, 0xff, 0xfb, 0x0, 0x0,
    0x0, 0x9f, 0xff, 0xff, 0x70, 0x0, 0xef, 0xff,
    0xff, 0xb2, 0x0, 0x19, 0xff, 0xff, 0xff, 0x10,
    0x0, 0x6f, 0xff, 0xff, 0xff, 0xee, 0xff, 0xff,
    0xff, 0xf8, 0x0, 0x0, 0xb, 0xff, 0xff, 0xff,
    0xff, 0xff, 0xff, 0xff, 0xd0, 0x0, 0x0, 0x0,
    0xbf, 0xff, 0xff, 0xff, 0xff, 0xff, 0xfd, 0x10,
    0x0, 0x0, 0x0, 0x8, 0xff, 0xff, 0xff, 0xff,
    0xff, 0x90, 0x0, 0x0, 0x0, 0x0, 0x0, 0x17,
    0xbe, 0xff, 0xec, 0x72, 0x0, 0x0, 0x0,

    /* U+0050 "P" */
    0xbf, 0xff, 0xff, 0xff, 0xff, 0xfe, 0xb6, 0x0,
    0x0, 0x0, 0xbf, 0xff, 0xff, 0xff, 0xff, 0xff,
    0xff, 0xe5, 0x0, 0x0, 0xbf, 0xff, 0xff, 0xff,
    0xff, 0xff, 0xff, 0xff, 0x80, 0x0, 0xbf, 0xff,
    0xff, 0xff, 0xff, 0xff, 0xff, 0xff, 0xf5, 0x0,
    0xbf, 0xff, 0xff, 0xdd, 0xdd, 0xef, 0xff, 0xff,
    0xfe, 0x10, 0xbf, 0xff, 0xff, 0x0, 0x0, 0x3,
    0xef, 0xff, 0xff, 0x70, 0xbf, 0xff, 0xff, 0x0,
    0x0, 0x0, 0x4f, 0xff, 0xff, 0xc0, 0xbf, 0xff,
    0xff, 0x0, 0x0, 0x0, 0xd, 0xff, 0xff, 0xf0,
    0xbf, 0xff, 0xff, 0x0, 0x0, 0x0, 0xa, 0xff,
    0xff, 0xf2, 0xbf, 0xff, 0xff, 0x0, 0x0, 0x0,
    0x8, 0xff, 0xff, 0xf3, 0xbf, 0xff, 0xff, 0x0,
    0x0, 0x0, 0x9, 0xff, 0xff, 0xf2, 0xbf, 0xff,
    0xff, 0x0, 0x0, 0x0, 0xc, 0xff, 0xff, 0xf1,
    0xbf, 0xff, 0xff, 0x0, 0x0, 0x0, 0x3f, 0xff,
    0xff, 0xe0, 0xbf, 0xff, 0xff, 0x0, 0x0, 0x4,
    0xef, 0xff, 0xff, 0x80, 0xbf, 0xff, 0xff, 0xff,
    0xff, 0xff, 0xff, 0xff, 0xff, 0x20, 0xbf, 0xff,
    0xff, 0xff, 0xff, 0xff, 0xff, 0xff, 0xf7, 0x0,
    0xbf, 0xff, 0xff, 0xff, 0xff, 0xff, 0xff, 0xff,
    0x80, 0x0, 0xbf, 0xff, 0xff, 0xff, 0xff, 0xff,
    0xff, 0xe5, 0x0, 0x0, 0xbf, 0xff, 0xff, 0xdd,
    0xdd, 0xdc, 0x95, 0x0, 0x0, 0x0, 0xbf, 0xff,
    0xff, 0x0, 0x0, 0x0, 0x0, 0x0, 0x0, 0x0,
    0xbf, 0xff, 0xff, 0x0, 0x0, 0x0, 0x0, 0x0,
    0x0, 0x0, 0xbf, 0xff, 0xff, 0x0, 0x0, 0x0,
    0x0, 0x0, 0x0, 0x0, 0xbf, 0xff, 0xff, 0x0,
    0x0, 0x0, 0x0, 0x0, 0x0, 0x0, 0xbf, 0xff,
    0xff, 0x0, 0x0, 0x0, 0x0, 0x0, 0x0, 0x0,
    0xbf, 0xff, 0xff, 0x0, 0x0, 0x0, 0x0, 0x0,
    0x0, 0x0, 0xbf, 0xff, 0xff, 0x0, 0x0, 0x0,
    0x0, 0x0, 0x0, 0x0, 0xbf, 0xff, 0xff, 0x0,
    0x0, 0x0, 0x0, 0x0, 0x0, 0x0, 0xbf, 0xff,
    0xff, 0x0, 0x0, 0x0, 0x0, 0x0, 0x0, 0x0,
    0xbf, 0xff, 0xff, 0x0, 0x0, 0x0, 0x0, 0x0,
    0x0, 0x0,

    /* U+0051 "Q" */
    0x0, 0x0, 0x0, 0x17, 0xbe, 0xff, 0xeb, 0x71,
    0x0, 0x0, 0x0, 0x0, 0x0, 0x7, 0xff, 0xff,
    0xff, 0xff, 0xff, 0x80, 0x0, 0x0, 0x0, 0x0,
    0xbf, 0xff, 0xff, 0xff, 0xff, 0xff, 0xfc, 0x0,
    0x0, 0x0, 0xa, 0xff, 0xff, 0xff, 0xff, 0xff,
    0xff, 0xff, 0xb0, 0x0, 0x0, 0x5f, 0xff, 0xff,
    0xff, 0xee, 0xff, 0xff, 0xff, 0xf7, 0x0, 0x0,
    0xef, 0xff, 0xff, 0xa1, 0x0, 0x1a, 0xff, 0xff,
    0xfe, 0x0, 0x5, 0xff, 0xff, 0xfb, 0x0, 0x0,
    0x0, 0xbf, 0xff, 0xff, 0x60, 0xa, 0xff, 0xff,
    0xf3, 0x0, 0x0, 0x0, 0x2f, 0xff, 0xff, 0xb0,
    0xd, 0xff, 0xff, 0xe0, 0x0, 0x0, 0x0, 0xd,
    0xff, 0xff, 0xe0, 0xf, 0xff, 0xff, 0xa0, 0x0,
    0x0, 0x0, 0xa, 0xff, 0xff, 0xf1, 0x2f, 0xff,
    0xff, 0x80, 0x0, 0x0, 0x0, 0x8, 0xff, 0xff,
    0xf3, 0x3f, 0xff, 0xff, 0x80, 0x0, 0x0, 0x0,
    0x7, 0xff, 0xff, 0xf3, 0x3f, 0xff, 0xff, 0x70,
    0x0, 0x0, 0x0, 0x7, 0xff, 0xff, 0xf4, 0x3f,
    0xff, 0xff, 0x70, 0x0, 0x0, 0x0, 0x7, 0xff,
    0xff, 0xf4, 0x3f, 0xff, 0xff, 0x70, 0x0, 0x0,
    0x0, 0x7, 0xff, 0xff, 0xf4, 0x3f, 0xff, 0xff,
    0x70, 0x0, 0x0, 0x0, 0x7, 0xff, 0xff, 0xf4,
    0x3f, 0xff, 0xff, 0x70, 0x0, 0x0, 0x0, 0x7,
    0xff, 0xff, 0xf4, 0x3f, 0xff, 0xff, 0x80, 0x0,
    0x0, 0x0, 0x7, 0xff, 0xff, 0xf3, 0x2f, 0xff,
    0xff, 0x90, 0x0, 0x0, 0x0, 0x8, 0xff, 0xff,
    0xf3, 0xf, 0xff, 0xff, 0xb0, 0x0, 0x0, 0x0,
    0xa, 0xff, 0xff, 0xf1, 0xd, 0xff, 0xff, 0xe0,
    0x0, 0x0, 0x0, 0xd, 0xff, 0xff, 0xe0, 0x9,
    0xff, 0xff, 0xf3, 0x0, 0x0, 0x0, 0x2f, 0xff,
    0xff, 0xb0, 0x4, 0xff, 0xff, 0xfb, 0x0, 0x0,
    0x0, 0xaf, 0xff, 0xff, 0x60, 0x0, 0xdf, 0xff,
    0xff, 0xa2, 0x0, 0x1a, 0xff, 0xff, 0xfe, 0x0,
    0x0, 0x5f, 0xff, 0xff, 0xff, 0xee, 0xff, 0xff,
    0xff, 0xf7, 0x0, 0x0, 0xa, 0xff, 0xff, 0xff,
    0xff, 0xff, 0xff, 0xff, 0xc0, 0x0, 0x0, 0x0,
    0xbf, 0xff, 0xff, 0xff, 0xff, 0xff, 0xfd, 0x10,
    0x0, 0x0, 0x0, 0x7, 0xff, 0xff, 0xff, 0xff,
    0xff, 0xff, 0x40, 0x0, 0x0, 0x0, 0x0, 0x17,
    0xbe, 0xff, 0xff, 0xff, 0xff, 0xf5, 0x0, 0x0,
    0x0, 0x0, 0x0, 0x0, 0x0, 0xb, 0xff, 0xff,
    0xff, 0x60, 0x0, 0x0, 0x0, 0x0, 0x0, 0x0,
    0x0, 0xaf, 0xff, 0xff, 0xf2, 0x0, 0x0, 0x0,
    0x0, 0x0, 0x0, 0x0, 0xa, 0xff, 0xff, 0x40,
    0x0, 0x0, 0x0, 0x0, 0x0, 0x0, 0x0, 0x0,
    0x9f, 0xf3, 0x0, 0x0, 0x0, 0x0, 0x0, 0x0,
    0x0, 0x0, 0x0, 0x7, 0x30, 0x0,

    /* U+0052 "R" */
    0xaf, 0xff, 0xff, 0xff, 0xff, 0xfd, 0xa5, 0x0,
    0x0, 0x0, 0xaf, 0xff, 0xff, 0xff, 0xff, 0xff,
    0xff, 0xe4, 0x0, 0x0, 0xaf, 0xff, 0xff, 0xff,
    0xff, 0xff, 0xff, 0xff, 0x60, 0x0, 0xaf, 0xff,
    0xff, 0xff, 0xff, 0xff, 0xff, 0xff, 0xf2, 0x0,
    0xaf, 0xff, 0xff, 0xdd, 0xdd, 0xff, 0xff, 0xff,
    0xfb, 0x0, 0xaf, 0xff, 0xff, 0x0, 0x0, 0x8,
    0xff, 0xff, 0xff, 0x10, 0xaf, 0xff, 0xff, 0x0,
    0x0, 0x0, 0xbf, 0xff, 0xff, 0x40, 0xaf, 0xff,
    0xff, 0x0, 0x0, 0x0, 0x6f, 0xff, 0xff, 0x60,
    0xaf, 0xff, 0xff, 0x0, 0x0, 0x0, 0x4f, 0xff,
    0xff, 0x70, 0xaf, 0xff, 0xff, 0x0, 0x0, 0x0,
    0x4f, 0xff, 0xff, 0x60, 0xaf, 0xff, 0xff, 0x0,
    0x0, 0x0, 0x6f, 0xff, 0xff, 0x50, 0xaf, 0xff,
    0xff, 0x0, 0x0, 0x0, 0xcf, 0xff, 0xff, 0x20,
    0xaf, 0xff, 0xff, 0x0, 0x0, 0x9, 0xff, 0xff,
    0xfd, 0x0, 0xaf, 0xff, 0xff, 0xdd, 0xdd, 0xff,
    0xff, 0xff, 0xf6, 0x0, 0xaf, 0xff, 0xff, 0xff,
    0xff, 0xff, 0xff, 0xff, 0xb0, 0x0, 0xaf, 0xff,
    0xff, 0xff, 0xff, 0xff, 0xff, 0xfb, 0x0, 0x0,
    0xaf, 0xff, 0xff, 0xff, 0xff, 0xff, 0xff, 0x90,
    0x0, 0x0, 0xaf, 0xff, 0xff, 0xff, 0xff, 0xff,
    0xff, 0xb0, 0x0, 0x0, 0xaf, 0xff, 0xff, 0x0,
    0xe, 0xff, 0xff, 0xf2, 0x0, 0x0, 0xaf, 0xff,
    0xff, 0x0, 0x7, 0xff, 0xff, 0xf8, 0x0, 0x0,
    0xaf, 0xff, 0xff, 0x0, 0x1, 0xff, 0xff, 0xfe,
    0x0, 0x0, 0xaf, 0xff, 0xff, 0x0, 0x0, 0xbf,
    0xff, 0xff, 0x50, 0x0, 0xaf, 0xff, 0xff, 0x0,
    0x0, 0x5f, 0xff, 0xff, 0xb0, 0x0, 0xaf, 0xff,
    0xff, 0x0, 0x0, 0xe, 0xff, 0xff, 0xf2, 0x0,
    0xaf, 0xff, 0xff, 0x0, 0x0, 0x8, 0xff, 0xff,
    0xf8, 0x0, 0xaf, 0xff, 0xff, 0x0, 0x0, 0x2,
    0xff, 0xff, 0xfe, 0x0, 0xaf, 0xff, 0xff, 0x0,
    0x0, 0x0, 0xbf, 0xff, 0xff, 0x50, 0xaf, 0xff,
    0xff, 0x0, 0x0, 0x0, 0x5f, 0xff, 0xff, 0xb0,
    0xaf, 0xff, 0xff, 0x0, 0x0, 0x0, 0xe, 0xff,
    0xff, 0xf2,

    /* U+0053 "S" */
    0x0, 0x0, 0x2, 0x8c, 0xef, 0xfe, 0xb6, 0x0,
    0x0, 0x0, 0x0, 0x1, 0xaf, 0xff, 0xff, 0xff,
    0xff, 0xe4, 0x0, 0x0, 0x0, 0x1d, 0xff, 0xff,
    0xff, 0xff, 0xff, 0xff, 0x60, 0x0, 0x0, 0xcf,
    0xff, 0xff, 0xff, 0xff, 0xff, 0xff, 0xf3, 0x0,
    0x6, 0xff, 0xff, 0xff, 0xec, 0xdf, 0xff, 0xff,
    0xfd, 0x0, 0xc, 0xff, 0xff, 0xf9, 0x0, 0x2,
    0xef, 0xff, 0xff, 0x40, 0xf, 0xff, 0xff, 0xd0,
    0x0, 0x0, 0x5f, 0xff, 0xff, 0x90, 0x1f, 0xff,
    0xff, 0x90, 0x0, 0x0, 0xf, 0xff, 0xff, 0xb0,
    0x1f, 0xff, 0xff, 0xa0, 0x0, 0x0, 0xb, 0xcc,
    0xcc, 0xa0, 0xf, 0xff, 0xff, 0xf2, 0x0, 0x0,
    0x0, 0x0, 0x0, 0x0, 0xa, 0xff, 0xff, 0xfe,
    0x50, 0x0, 0x0, 0x0, 0x0, 0x0, 0x2, 0xff,
    0xff, 0xff, 0xfd, 0x60, 0x0, 0x0, 0x0, 0x0,
    0x0, 0x6f, 0xff, 0xff, 0xff, 0xfe, 0x81, 0x0,
    0x0, 0x0, 0x0, 0x5, 0xff, 0xff, 0xff, 0xff,
    0xff, 0x70, 0x0, 0x0, 0x0, 0x0, 0x2b, 0xff,
    0xff, 0xff, 0xff, 0xfc, 0x10, 0x0, 0x0, 0x0,
    0x0, 0x3b, 0xff, 0xff, 0xff, 0xff, 0xe1, 0x0,
    0x0, 0x0, 0x0, 0x0, 0x29, 0xff, 0xff, 0xff,
    0xfc, 0x0, 0x0, 0x0, 0x0, 0x0, 0x0, 0x19,
    0xff, 0xff, 0xff, 0x40, 0x0, 0x0, 0x0, 0x0,
    0x0, 0x0, 0x7f, 0xff, 0xff, 0xa0, 0x35, 0x55,
    0x55, 0x10, 0x0, 0x0, 0xd, 0xff, 0xff, 0xe0,
    0x8f, 0xff, 0xff, 0x30, 0x0, 0x0, 0xb, 0xff,
    0xff, 0xf0, 0x6f, 0xff, 0xff, 0x50, 0x0, 0x0,
    0xa, 0xff, 0xff, 0xf0, 0x3f, 0xff, 0xff, 0xb0,
    0x0, 0x0, 0xe, 0xff, 0xff, 0xf0, 0xe, 0xff,
    0xff, 0xf9, 0x0, 0x0, 0x8f, 0xff, 0xff, 0xb0,
    0x7, 0xff, 0xff, 0xff, 0xfc, 0xce, 0xff, 0xff,
    0xff, 0x50, 0x0, 0xcf, 0xff, 0xff, 0xff, 0xff,
    0xff, 0xff, 0xfc, 0x0, 0x0, 0x1d, 0xff, 0xff,
    0xff, 0xff, 0xff, 0xff, 0xd1, 0x0, 0x0, 0x0,
    0x9f, 0xff, 0xff, 0xff, 0xff, 0xfa, 0x10, 0x0,
    0x0, 0x0, 0x1, 0x7b, 0xef, 0xfe, 0xc8, 0x20,
    0x0, 0x0,

    /* U+0054 "T" */
    0xff, 0xff, 0xff, 0xff, 0xff, 0xff, 0xff, 0xff,
    0xff, 0xfb, 0xff, 0xff, 0xff, 0xff, 0xff, 0xff,
    0xff, 0xff, 0xff, 0xfb, 0xff, 0xff, 0xff, 0xff,
    0xff, 0xff, 0xff, 0xff, 0xff, 0xfb, 0xff, 0xff,
    0xff, 0xff, 0xff, 0xff, 0xff, 0xff, 0xff, 0xfb,
    0xdd, 0xdd, 0xdd, 0xdf, 0xff, 0xff, 0xfd, 0xdd,
    0xdd, 0xd9, 0x0, 0x0, 0x0, 0xf, 0xff, 0xff,
    0xa0, 0x0, 0x0, 0x0, 0x0, 0x0, 0x0, 0xf,
    0xff, 0xff, 0xa0, 0x0, 0x0, 0x0, 0x0, 0x0,
    0x0, 0xf, 0xff, 0xff, 0xa0, 0x0, 0x0, 0x0,
    0x0, 0x0, 0x0, 0xf, 0xff, 0xff, 0xa0, 0x0,
    0x0, 0x0, 0x0, 0x0, 0x0, 0xf, 0xff, 0xff,
    0xa0, 0x0, 0x0, 0x0, 0x0, 0x0, 0x0, 0xf,
    0xff, 0xff, 0xa0, 0x0, 0x0, 0x0, 0x0, 0x0,
    0x0, 0xf, 0xff, 0xff, 0xa0, 0x0, 0x0, 0x0,
    0x0, 0x0, 0x0, 0xf, 0xff, 0xff, 0xa0, 0x0,
    0x0, 0x0, 0x0, 0x0, 0x0, 0xf, 0xff, 0xff,
    0xa0, 0x0, 0x0, 0x0, 0x0, 0x0, 0x0, 0xf,
    0xff, 0xff, 0xa0, 0x0, 0x0, 0x0, 0x0, 0x0,
    0x0, 0xf, 0xff, 0xff, 0xa0, 0x0, 0x0, 0x0,
    0x0, 0x0, 0x0, 0xf, 0xff, 0xff, 0xa0, 0x0,
    0x0, 0x0, 0x0, 0x0, 0x0, 0xf, 0xff, 0xff,
    0xa0, 0x0, 0x0, 0x0, 0x0, 0x0, 0x0, 0xf,
    0xff, 0xff, 0xa0, 0x0, 0x0, 0x0, 0x0, 0x0,
    0x0, 0xf, 0xff, 0xff, 0xa0, 0x0, 0x0, 0x0,
    0x0, 0x0, 0x0, 0xf, 0xff, 0xff, 0xa0, 0x0,
    0x0, 0x0, 0x0, 0x0, 0x0, 0xf, 0xff, 0xff,
    0xa0, 0x0, 0x0, 0x0, 0x0, 0x0, 0x0, 0xf,
    0xff, 0xff, 0xa0, 0x0, 0x0, 0x0, 0x0, 0x0,
    0x0, 0xf, 0xff, 0xff, 0xa0, 0x0, 0x0, 0x0,
    0x0, 0x0, 0x0, 0xf, 0xff, 0xff, 0xa0, 0x0,
    0x0, 0x0, 0x0, 0x0, 0x0, 0xf, 0xff, 0xff,
    0xa0, 0x0, 0x0, 0x0, 0x0, 0x0, 0x0, 0xf,
    0xff, 0xff, 0xa0, 0x0, 0x0, 0x0, 0x0, 0x0,
    0x0, 0xf, 0xff, 0xff, 0xa0, 0x0, 0x0, 0x0,
    0x0, 0x0, 0x0, 0xf, 0xff, 0xff, 0xa0, 0x0,
    0x0, 0x0,

    /* U+0055 "U" */
    0xef, 0xff, 0xfc, 0x0, 0x0, 0x0, 0xe, 0xff,
    0xff, 0xce, 0xff, 0xff, 0xc0, 0x0, 0x0, 0x0,
    0xef, 0xff, 0xfc, 0xef, 0xff, 0xfc, 0x0, 0x0,
    0x0, 0xe, 0xff, 0xff, 0xce, 0xff, 0xff, 0xc0,
    0x0, 0x0, 0x0, 0xef, 0xff, 0xfc, 0xef, 0xff,
    0xfc, 0x0, 0x0, 0x0, 0xe, 0xff, 0xff, 0xce,
    0xff, 0xff, 0xc0, 0x0, 0x0, 0x0, 0xef, 0xff,
    0xfc, 0xef, 0xff, 0xfc, 0x0, 0x0, 0x0, 0xe,
    0xff, 0xff, 0xce, 0xff, 0xff, 0xc0, 0x0, 0x0,
    0x0, 0xef, 0xff, 0xfc, 0xef, 0xff, 0xfc, 0x0,
    0x0, 0x0, 0xe, 0xff, 0xff, 0xce, 0xff, 0xff,
    0xc0, 0x0, 0x0, 0x0, 0xef, 0xff, 0xfc, 0xef,
    0xff, 0xfc, 0x0, 0x0, 0x0, 0xe, 0xff, 0xff,
    0xce, 0xff, 0xff, 0xc0, 0x0, 0x0, 0x0, 0xef,
    0xff, 0xfc, 0xef, 0xff, 0xfc, 0x0, 0x0, 0x0,
    0xe, 0xff, 0xff, 0xce, 0xff, 0xff, 0xc0, 0x0,
    0x0, 0x0, 0xef, 0xff, 0xfc, 0xef, 0xff, 0xfc,
    0x0, 0x0, 0x0, 0xe, 0xff, 0xff, 0xce, 0xff,
    0xff, 0xc0, 0x0, 0x0, 0x0, 0xef, 0xff, 0xfc,
    0xef, 0xff, 0xfc, 0x0, 0x0, 0x0, 0xe, 0xff,
    0xff, 0xce, 0xff, 0xff, 0xc0, 0x0, 0x0, 0x0,
    0xef, 0xff, 0xfc, 0xef, 0xff, 0xfc, 0x0, 0x0,
    0x0, 0xe, 0xff, 0xff, 0xce, 0xff, 0xff, 0xc0,
    0x0, 0x0, 0x0, 0xef, 0xff, 0xfc, 0xef, 0xff,
    0xfd, 0x0, 0x0, 0x0, 0xf, 0xff, 0xff, 0xcc,
    0xff, 0xff, 0xf0, 0x0, 0x0, 0x1, 0xff, 0xff,
    0xfa, 0xaf, 0xff, 0xff, 0x40, 0x0, 0x0, 0x6f,
    0xff, 0xff, 0x85, 0xff, 0xff, 0xfd, 0x30, 0x0,
    0x4e, 0xff, 0xff, 0xf3, 0xe, 0xff, 0xff, 0xff,
    0xed, 0xef, 0xff, 0xff, 0xfd, 0x0, 0x6f, 0xff,
    0xff, 0xff, 0xff, 0xff, 0xff, 0xff, 0x40, 0x0,
    0x9f, 0xff, 0xff, 0xff, 0xff, 0xff, 0xff, 0x70,
    0x0, 0x0, 0x6f, 0xff, 0xff, 0xff, 0xff, 0xfe,
    0x50, 0x0, 0x0, 0x0, 0x6, 0xad, 0xff, 0xfd,
    0xa5, 0x0, 0x0, 0x0,

    /* U+0056 "V" */
    0x6f, 0xff, 0xff, 0xa0, 0x0, 0x0, 0x0, 0x0,
    0x9f, 0xff, 0xff, 0x92, 0xff, 0xff, 0xfe, 0x0,
    0x0, 0x0, 0x0, 0xc, 0xff, 0xff, 0xf4, 0xd,
    0xff, 0xff, 0xf2, 0x0, 0x0, 0x0, 0x0, 0xff,
    0xff, 0xff, 0x0, 0x9f, 0xff, 0xff, 0x50, 0x0,
    0x0, 0x0, 0x4f, 0xff, 0xff, 0xb0, 0x4, 0xff,
    0xff, 0xf9, 0x0, 0x0, 0x0, 0x8, 0xff, 0xff,
    0xf7, 0x0, 0xf, 0xff, 0xff, 0xd0, 0x0, 0x0,
    0x0, 0xcf, 0xff, 0xff, 0x20, 0x0, 0xbf, 0xff,
    0xff, 0x10, 0x0, 0x0, 0xf, 0xff, 0xff, 0xd0,
    0x0, 0x7, 0xff, 0xff, 0xf5, 0x0, 0x0, 0x3,
    0xff, 0xff, 0xf9, 0x0, 0x0, 0x2f, 0xff, 0xff,
    0x80, 0x0, 0x0, 0x7f, 0xff, 0xff, 0x40, 0x0,
    0x0, 0xef, 0xff, 0xfc, 0x0, 0x0, 0xb, 0xff,
    0xff, 0xf0, 0x0, 0x0, 0x9, 0xff, 0xff, 0xf0,
    0x0, 0x0, 0xef, 0xff, 0xfb, 0x0, 0x0, 0x0,
    0x5f, 0xff, 0xff, 0x40, 0x0, 0x2f, 0xff, 0xff,
    0x70, 0x0, 0x0, 0x0, 0xff, 0xff, 0xf7, 0x0,
    0x6, 0xff, 0xff, 0xf2, 0x0, 0x0, 0x0, 0xc,
    0xff, 0xff, 0xb0, 0x0, 0xaf, 0xff, 0xfe, 0x0,
    0x0, 0x0, 0x0, 0x7f, 0xff, 0xff, 0x0, 0xe,
    0xff, 0xff, 0x90, 0x0, 0x0, 0x0, 0x3, 0xff,
    0xff, 0xf3, 0x1, 0xff, 0xff, 0xf5, 0x0, 0x0,
    0x0, 0x0, 0xe, 0xff, 0xff, 0x60, 0x5f, 0xff,
    0xff, 0x0, 0x0, 0x0, 0x0, 0x0, 0xaf, 0xff,
    0xfa, 0x9, 0xff, 0xff, 0xb0, 0x0, 0x0, 0x0,
    0x0, 0x5, 0xff, 0xff, 0xe0, 0xdf, 0xff, 0xf7,
    0x0, 0x0, 0x0, 0x0, 0x0, 0x1f, 0xff, 0xff,
    0x3f, 0xff, 0xff, 0x20, 0x0, 0x0, 0x0, 0x0,
    0x0, 0xcf, 0xff, 0xfa, 0xff, 0xff, 0xe0, 0x0,
    0x0, 0x0, 0x0, 0x0, 0x8, 0xff, 0xff, 0xff,
    0xff, 0xf9, 0x0, 0x0, 0x0, 0x0, 0x0, 0x0,
    0x3f, 0xff, 0xff, 0xff, 0xff, 0x50, 0x0, 0x0,
    0x0, 0x0, 0x0, 0x0, 0xef, 0xff, 0xff, 0xff,
    0xf0, 0x0, 0x0, 0x0, 0x0, 0x0, 0x0, 0xa,
    0xff, 0xff, 0xff, 0xfc, 0x0, 0x0, 0x0, 0x0,
    0x0, 0x0, 0x0, 0x6f, 0xff, 0xff, 0xff, 0x70,
    0x0, 0x0, 0x0, 0x0, 0x0, 0x0, 0x1, 0xff,
    0xff, 0xff, 0xf2, 0x0, 0x0, 0x0, 0x0, 0x0,
    0x0, 0x0, 0xd, 0xff, 0xff, 0xfe, 0x0, 0x0,
    0x0, 0x0, 0x0, 0x0, 0x0, 0x0, 0x8f, 0xff,
    0xff, 0x90, 0x0, 0x0, 0x0, 0x0,

    /* U+0057 "W" */
    0xf, 0xff, 0xff, 0x90, 0x0, 0x0, 0x7f, 0xff,
    0xf7, 0x0, 0x0, 0x8, 0xff, 0xff, 0xf0, 0xd,
    0xff, 0xff, 0xc0, 0x0, 0x0, 0x9f, 0xff, 0xfa,
    0x0, 0x0, 0xb, 0xff, 0xff, 0xe0, 0xa, 0xff,
    0xff, 0xe0, 0x0, 0x0, 0xcf, 0xff, 0xfd, 0x0,
    0x0, 0xd, 0xff, 0xff, 0xb0, 0x7, 0xff, 0xff,
    0xf1, 0x0, 0x0, 0xff, 0xff, 0xff, 0x0, 0x0,
    0xf, 0xff, 0xff, 0x80, 0x4, 0xff, 0xff, 0xf3,
    0x0, 0x2, 0xff, 0xff, 0xff, 0x30, 0x0, 0x2f,
    0xff, 0xff, 0x50, 0x2, 0xff, 0xff, 0xf5, 0x0,
    0x5, 0xff, 0xff, 0xff, 0x60, 0x0, 0x4f, 0xff,
    0xff, 0x20, 0x0, 0xff, 0xff, 0xf8, 0x0, 0x8,
    0xff, 0xff, 0xff, 0x90, 0x0, 0x7f, 0xff, 0xff,
    0x0, 0x0, 0xcf, 0xff, 0xfa, 0x0, 0xb, 0xff,
    0xff, 0xff, 0xc0, 0x0, 0x9f, 0xff, 0xfd, 0x0,
    0x0, 0x9f, 0xff, 0xfc, 0x0, 0xe, 0xff, 0xff,
    0xff, 0xf0, 0x0, 0xbf, 0xff, 0xfa, 0x0, 0x0,
    0x6f, 0xff, 0xff, 0x0, 0x1f, 0xff, 0xff, 0xff,
    0xf2, 0x0, 0xef, 0xff, 0xf7, 0x0, 0x0, 0x4f,
    0xff, 0xff, 0x10, 0x4f, 0xff, 0xff, 0xff, 0xf5,
    0x0, 0xff, 0xff, 0xf4, 0x0, 0x0, 0x1f, 0xff,
    0xff, 0x40, 0x7f, 0xff, 0xff, 0xff, 0xf8, 0x3,
    0xff, 0xff, 0xf2, 0x0, 0x0, 0xe, 0xff, 0xff,
    0x60, 0xaf, 0xff, 0xed, 0xff, 0xfb, 0x5, 0xff,
    0xff, 0xf0, 0x0, 0x0, 0xb, 0xff, 0xff, 0x80,
    0xdf, 0xff, 0xba, 0xff, 0xfe, 0x7, 0xff, 0xff,
    0xc0, 0x0, 0x0, 0x8, 0xff, 0xff, 0xb0, 0xff,
    0xff, 0x76, 0xff, 0xff, 0x1a, 0xff, 0xff, 0x90,
    0x0, 0x0, 0x5, 0xff, 0xff, 0xd3, 0xff, 0xff,
    0x43, 0xff, 0xff, 0x4c, 0xff, 0xff, 0x60, 0x0,
    0x0, 0x3, 0xff, 0xff, 0xf6, 0xff, 0xff, 0x10,
    0xff, 0xff, 0x7e, 0xff, 0xff, 0x40, 0x0, 0x0,
    0x0, 0xff, 0xff, 0xfb, 0xff, 0xfe, 0x0, 0xdf,
    0xff, 0xbf, 0xff, 0xff, 0x10, 0x0, 0x0, 0x0,
    0xdf, 0xff, 0xff, 0xff, 0xfb, 0x0, 0xaf, 0xff,
    0xff, 0xff, 0xfe, 0x0, 0x0, 0x0, 0x0, 0xaf,
    0xff, 0xff, 0xff, 0xf8, 0x0, 0x7f, 0xff, 0xff,
    0xff, 0xfb, 0x0, 0x0, 0x0, 0x0, 0x7f, 0xff,
    0xff, 0xff, 0xf5, 0x0, 0x4f, 0xff, 0xff, 0xff,
    0xf9, 0x0, 0x0, 0x0, 0x0, 0x5f, 0xff, 0xff,
    0xff, 0xf2, 0x0, 0x1f, 0xff, 0xff, 0xff, 0xf6,
    0x0, 0x0, 0x0, 0x0, 0x2f, 0xff, 0xff, 0xff,
    0xf0, 0x0, 0xe, 0xff, 0xff, 0xff, 0xf3, 0x0,
    0x0, 0x0, 0x0, 0xf, 0xff, 0xff, 0xff, 0xc0,
    0x0, 0xb, 0xff, 0xff, 0xff, 0xf0, 0x0, 0x0,
    0x0, 0x0, 0xc, 0xff, 0xff, 0xff, 0x80, 0x0,
    0x8, 0xff, 0xff, 0xff, 0xd0, 0x0, 0x0, 0x0,
    0x0, 0x9, 0xff, 0xff, 0xff, 0x50, 0x0, 0x5,
    0xff, 0xff, 0xff, 0xb0, 0x0, 0x0, 0x0, 0x0,
    0x7, 0xff, 0xff, 0xff, 0x20, 0x0, 0x1, 0xff,
    0xff, 0xff, 0x80, 0x0, 0x0, 0x0, 0x0, 0x4,
    0xff, 0xff, 0xff, 0x0, 0x0, 0x0, 0xef, 0xff,
    0xff, 0x50, 0x0, 0x0, 0x0, 0x0, 0x1, 0xff,
    0xff, 0xfc, 0x0, 0x0, 0x0, 0xbf, 0xff, 0xff,
    0x20, 0x0, 0x0,

    /* U+0058 "X" */
    0xe, 0xff, 0xff, 0xf8, 0x0, 0x0, 0x0, 0xe,
    0xff, 0xff, 0xf5, 0x7, 0xff, 0xff, 0xfe, 0x0,
    0x0, 0x0, 0x5f, 0xff, 0xff, 0xd0, 0x0, 0xef,
    0xff, 0xff, 0x60, 0x0, 0x0, 0xbf, 0xff, 0xff,
    0x60, 0x0, 0x7f, 0xff, 0xff, 0xc0, 0x0, 0x2,
    0xff, 0xff, 0xfe, 0x0, 0x0, 0x1f, 0xff, 0xff,
    0xf3, 0x0, 0x8, 0xff, 0xff, 0xf6, 0x0, 0x0,
    0x8, 0xff, 0xff, 0xfa, 0x0, 0xe, 0xff, 0xff,
    0xe0, 0x0, 0x0, 0x1, 0xff, 0xff, 0xff, 0x10,
    0x5f, 0xff, 0xff, 0x70, 0x0, 0x0, 0x0, 0x8f,
    0xff, 0xff, 0x70, 0xbf, 0xff, 0xff, 0x10, 0x0,
    0x0, 0x0, 0x1f, 0xff, 0xff, 0xe2, 0xff, 0xff,
    0xf8, 0x0, 0x0, 0x0, 0x0, 0x9, 0xff, 0xff,
    0xfc, 0xff, 0xff, 0xf1, 0x0, 0x0, 0x0, 0x0,
    0x1, 0xff, 0xff, 0xff, 0xff, 0xff, 0x90, 0x0,
    0x0, 0x0, 0x0, 0x0, 0x9f, 0xff, 0xff, 0xff,
    0xff, 0x10, 0x0, 0x0, 0x0, 0x0, 0x0, 0x1f,
    0xff, 0xff, 0xff, 0xf9, 0x0, 0x0, 0x0, 0x0,
    0x0, 0x0, 0x9, 0xff, 0xff, 0xff, 0xf2, 0x0,
    0x0, 0x0, 0x0, 0x0, 0x0, 0x6, 0xff, 0xff,
    0xff, 0xd0, 0x0, 0x0, 0x0, 0x0, 0x0, 0x0,
    0xd, 0xff, 0xff, 0xff, 0xf4, 0x0, 0x0, 0x0,
    0x0, 0x0, 0x0, 0x5f, 0xff, 0xff, 0xff, 0xfc,
    0x0, 0x0, 0x0, 0x0, 0x0, 0x0, 0xdf, 0xff,
    0xff, 0xff, 0xff, 0x30, 0x0, 0x0, 0x0, 0x0,
    0x4, 0xff, 0xff, 0xff, 0xff, 0xff, 0xb0, 0x0,
    0x0, 0x0, 0x0, 0xc, 0xff, 0xff, 0xec, 0xff,
    0xff, 0xf3, 0x0, 0x0, 0x0, 0x0, 0x4f, 0xff,
    0xff, 0x85, 0xff, 0xff, 0xfa, 0x0, 0x0, 0x0,
    0x0, 0xbf, 0xff, 0xff, 0x20, 0xef, 0xff, 0xff,
    0x20, 0x0, 0x0, 0x3, 0xff, 0xff, 0xfb, 0x0,
    0x8f, 0xff, 0xff, 0x90, 0x0, 0x0, 0xb, 0xff,
    0xff, 0xf5, 0x0, 0x1f, 0xff, 0xff, 0xf1, 0x0,
    0x0, 0x3f, 0xff, 0xff, 0xe0, 0x0, 0xa, 0xff,
    0xff, 0xf9, 0x0, 0x0, 0xaf, 0xff, 0xff, 0x80,
    0x0, 0x4, 0xff, 0xff, 0xff, 0x10, 0x2, 0xff,
    0xff, 0xff, 0x10, 0x0, 0x0, 0xdf, 0xff, 0xff,
    0x80, 0xa, 0xff, 0xff, 0xfb, 0x0, 0x0, 0x0,
    0x7f, 0xff, 0xff, 0xf1, 0x2f, 0xff, 0xff, 0xf4,
    0x0, 0x0, 0x0, 0x1f, 0xff, 0xff, 0xf7,

    /* U+0059 "Y" */
    0x7f, 0xff, 0xff, 0xb0, 0x0, 0x0, 0x0, 0xf,
    0xff, 0xff, 0xf2, 0x1f, 0xff, 0xff, 0xf0, 0x0,
    0x0, 0x0, 0x5f, 0xff, 0xff, 0xc0, 0xa, 0xff,
    0xff, 0xf5, 0x0, 0x0, 0x0, 0xaf, 0xff, 0xff,
    0x50, 0x3, 0xff, 0xff, 0xfb, 0x0, 0x0, 0x0,
    0xff, 0xff, 0xfe, 0x0, 0x0, 0xdf, 0xff, 0xff,
    0x0, 0x0, 0x5, 0xff, 0xff, 0xf8, 0x0, 0x0,
    0x6f, 0xff, 0xff, 0x50, 0x0, 0xa, 0xff, 0xff,
    0xf1, 0x0, 0x0, 0xf, 0xff, 0xff, 0xa0, 0x0,
    0xf, 0xff, 0xff, 0xb0, 0x0, 0x0, 0x9, 0xff,
    0xff, 0xf0, 0x0, 0x5f, 0xff, 0xff, 0x40, 0x0,
    0x0, 0x2, 0xff, 0xff, 0xf5, 0x0, 0xaf, 0xff,
    0xfd, 0x0, 0x0, 0x0, 0x0, 0xcf, 0xff, 0xfa,
    0x0, 0xff, 0xff, 0xf7, 0x0, 0x0, 0x0, 0x0,
    0x5f, 0xff, 0xff, 0x4, 0xff, 0xff, 0xf1, 0x0,
    0x0, 0x0, 0x0, 0xe, 0xff, 0xff, 0x5a, 0xff,
    0xff, 0xa0, 0x0, 0x0, 0x0, 0x0, 0x8, 0xff,
    0xff, 0xbe, 0xff, 0xff, 0x30, 0x0, 0x0, 0x0,
    0x0, 0x1, 0xff, 0xff, 0xff, 0xff, 0xfc, 0x0,
    0x0, 0x0, 0x0, 0x0, 0x0, 0xaf, 0xff, 0xff,
    0xff, 0xf6, 0x0, 0x0, 0x0, 0x0, 0x0, 0x0,
    0x4f, 0xff, 0xff, 0xff, 0xe0, 0x0, 0x0, 0x0,
    0x0, 0x0, 0x0, 0xd, 0xff, 0xff, 0xff, 0x80,
    0x0, 0x0, 0x0, 0x0, 0x0, 0x0, 0x6, 0xff,
    0xff, 0xff, 0x20, 0x0, 0x0, 0x0, 0x0, 0x0,
    0x0, 0x1, 0xff, 0xff, 0xfc, 0x0, 0x0, 0x0,
    0x0, 0x0, 0x0, 0x0, 0x0, 0xff, 0xff, 0xfb,
    0x0, 0x0, 0x0, 0x0, 0x0, 0x0, 0x0, 0x0,
    0xff, 0xff, 0xfb, 0x0, 0x0, 0x0, 0x0, 0x0,
    0x0, 0x0, 0x0, 0xff, 0xff, 0xfb, 0x0, 0x0,
    0x0, 0x0, 0x0, 0x0, 0x0, 0x0, 0xff, 0xff,
    0xfb, 0x0, 0x0, 0x0, 0x0, 0x0, 0x0, 0x0,
    0x0, 0xff, 0xff, 0xfb, 0x0, 0x0, 0x0, 0x0,
    0x0, 0x0, 0x0, 0x0, 0xff, 0xff, 0xfb, 0x0,
    0x0, 0x0, 0x0, 0x0, 0x0, 0x0, 0x0, 0xff,
    0xff, 0xfb, 0x0, 0x0, 0x0, 0x0, 0x0, 0x0,
    0x0, 0x0, 0xff, 0xff, 0xfb, 0x0, 0x0, 0x0,
    0x0, 0x0, 0x0, 0x0, 0x0, 0xff, 0xff, 0xfb,
    0x0, 0x0, 0x0, 0x0, 0x0, 0x0, 0x0, 0x0,
    0xff, 0xff, 0xfb, 0x0, 0x0, 0x0, 0x0,

    /* U+005A "Z" */
    0x9f, 0xff, 0xff, 0xff, 0xff, 0xff, 0xff, 0xff,
    0xff, 0xb9, 0xff, 0xff, 0xff, 0xff, 0xff, 0xff,
    0xff, 0xff, 0xfb, 0x9f, 0xff, 0xff, 0xff, 0xff,
    0xff, 0xff, 0xff, 0xff, 0xb9, 0xff, 0xff, 0xff,
    0xff, 0xff, 0xff, 0xff, 0xff, 0xfa, 0x8d, 0xdd,
    0xdd, 0xdd, 0xdd, 0xdd, 0xff, 0xff, 0xff, 0x20,
    0x0, 0x0, 0x0, 0x0, 0x0, 0x3f, 0xff, 0xff,
    0x90, 0x0, 0x0, 0x0, 0x0, 0x0, 0xc, 0xff,
    0xff, 0xf1, 0x0, 0x0, 0x0, 0x0, 0x0, 0x5,
    0xff, 0xff, 0xf7, 0x0, 0x0, 0x0, 0x0, 0x0,
    0x0, 0xdf, 0xff, 0xfe, 0x0, 0x0, 0x0, 0x0,
    0x0, 0x0, 0x7f, 0xff, 0xff, 0x50, 0x0, 0x0,
    0x0, 0x0, 0x0, 0x1f, 0xff, 0xff, 0xc0, 0x0,
    0x0, 0x0, 0x0, 0x0, 0x9, 0xff, 0xff, 0xf3,
    0x0, 0x0, 0x0, 0x0, 0x0, 0x2, 0xff, 0xff,
    0xfb, 0x0, 0x0, 0x0, 0x0, 0x0, 0x0, 0xbf,
    0xff, 0xff, 0x20, 0x0, 0x0, 0x0, 0x0, 0x0,
    0x4f, 0xff, 0xff, 0x90, 0x0, 0x0, 0x0, 0x0,
    0x0, 0xd, 0xff, 0xff, 0xf1, 0x0, 0x0, 0x0,
    0x0, 0x0, 0x6, 0xff, 0xff, 0xf7, 0x0, 0x0,
    0x0, 0x0, 0x0, 0x0, 0xef, 0xff, 0xfe, 0x0,
    0x0, 0x0, 0x0, 0x0, 0x0, 0x8f, 0xff, 0xff,
    0x50, 0x0, 0x0, 0x0, 0x0, 0x0, 0x2f, 0xff,
    0xff, 0xc0, 0x0, 0x0, 0x0, 0x0, 0x0, 0xa,
    0xff, 0xff, 0xf3, 0x0, 0x0, 0x0, 0x0, 0x0,
    0x3, 0xff, 0xff, 0xfa, 0x0, 0x0, 0x0, 0x0,
    0x0, 0x0, 0xcf, 0xff, 0xff, 0x20, 0x0, 0x0,
    0x0, 0x0, 0x0, 0x5f, 0xff, 0xff, 0x90, 0x0,
    0x0, 0x0, 0x0, 0x0, 0xe, 0xff, 0xff, 0xfd,
    0xdd, 0xdd, 0xdd, 0xdd, 0xdd, 0xc6, 0xff, 0xff,
    0xff, 0xff, 0xff, 0xff, 0xff, 0xff, 0xff, 0x7f,
    0xff, 0xff, 0xff, 0xff, 0xff, 0xff, 0xff, 0xff,
    0xf7, 0xff, 0xff, 0xff, 0xff, 0xff, 0xff, 0xff,
    0xff, 0xff, 0x7f, 0xff, 0xff, 0xff, 0xff, 0xff,
    0xff, 0xff, 0xff, 0xf0,

    /* U+005B "[" */
    0x57, 0x77, 0x77, 0x75, 0xdf, 0xff, 0xff, 0xfb,
    0xdf, 0xff, 0xff, 0xfb, 0xdf, 0xff, 0xff, 0xfb,
    0xdf, 0xff, 0xff, 0xfb, 0xdf, 0xff, 0xfa, 0x0,
    0xdf, 0xff, 0xfa, 0x0, 0xdf, 0xff, 0xfa, 0x0,
    0xdf, 0xff, 0xfa, 0x0, 0xdf, 0xff, 0xfa, 0x0,
    0xdf, 0xff, 0xfa, 0x0, 0xdf, 0xff, 0xfa, 0x0,
    0xdf, 0xff, 0xfa, 0x0, 0xdf, 0xff, 0xfa, 0x0,
    0xdf, 0xff, 0xfa, 0x0, 0xdf, 0xff, 0xfa, 0x0,
    0xdf, 0xff, 0xfa, 0x0, 0xdf, 0xff, 0xfa, 0x0,
    0xdf, 0xff, 0xfa, 0x0, 0xdf, 0xff, 0xfa, 0x0,
    0xdf, 0xff, 0xfa, 0x0, 0xdf, 0xff, 0xfa, 0x0,
    0xdf, 0xff, 0xfa, 0x0, 0xdf, 0xff, 0xfa, 0x0,
    0xdf, 0xff, 0xfa, 0x0, 0xdf, 0xff, 0xfa, 0x0,
    0xdf, 0xff, 0xfa, 0x0, 0xdf, 0xff, 0xfa, 0x0,
    0xdf, 0xff, 0xfa, 0x0, 0xdf, 0xff, 0xfa, 0x0,
    0xdf, 0xff, 0xfa, 0x0, 0xdf, 0xff, 0xfa, 0x0,
    0xdf, 0xff, 0xfa, 0x0, 0xdf, 0xff, 0xfa, 0x0,
    0xdf, 0xff, 0xfa, 0x0, 0xdf, 0xff, 0xfa, 0x0,
    0xdf, 0xff, 0xfc, 0x75, 0xdf, 0xff, 0xff, 0xfb,
    0xdf, 0xff, 0xff, 0xfb, 0xdf, 0xff, 0xff, 0xfb,
    0xdf, 0xff, 0xff, 0xfb,

    /* U+005C "\\" */
    0x9f, 0xff, 0xff, 0x0, 0x0, 0x0, 0x0, 0x0,
    0x4f, 0xff, 0xff, 0x40, 0x0, 0x0, 0x0, 0x0,
    0xf, 0xff, 0xff, 0x90, 0x0, 0x0, 0x0, 0x0,
    0xa, 0xff, 0xff, 0xe0, 0x0, 0x0, 0x0, 0x0,
    0x5, 0xff, 0xff, 0xf3, 0x0, 0x0, 0x0, 0x0,
    0x1, 0xff, 0xff, 0xf8, 0x0, 0x0, 0x0, 0x0,
    0x0, 0xbf, 0xff, 0xfd, 0x0, 0x0, 0x0, 0x0,
    0x0, 0x6f, 0xff, 0xff, 0x20, 0x0, 0x0, 0x0,
    0x0, 0x1f, 0xff, 0xff, 0x70, 0x0, 0x0, 0x0,
    0x0, 0xc, 0xff, 0xff, 0xc0, 0x0, 0x0, 0x0,
    0x0, 0x7, 0xff, 0xff, 0xf1, 0x0, 0x0, 0x0,
    0x0, 0x2, 0xff, 0xff, 0xf6, 0x0, 0x0, 0x0,
    0x0, 0x0, 0xdf, 0xff, 0xfc, 0x0, 0x0, 0x0,
    0x0, 0x0, 0x8f, 0xff, 0xff, 0x10, 0x0, 0x0,
    0x0, 0x0, 0x3f, 0xff, 0xff, 0x60, 0x0, 0x0,
    0x0, 0x0, 0xe, 0xff, 0xff, 0xb0, 0x0, 0x0,
    0x0, 0x0, 0x9, 0xff, 0xff, 0xf0, 0x0, 0x0,
    0x0, 0x0, 0x4, 0xff, 0xff, 0xf5, 0x0, 0x0,
    0x0, 0x0, 0x0, 0xef, 0xff, 0xfa, 0x0, 0x0,
    0x0, 0x0, 0x0, 0x9f, 0xff, 0xff, 0x0, 0x0,
    0x0, 0x0, 0x0, 0x4f, 0xff, 0xff, 0x40, 0x0,
    0x0, 0x0, 0x0, 0xf, 0xff, 0xff, 0x90, 0x0,
    0x0, 0x0, 0x0, 0xa, 0xff, 0xff, 0xe0, 0x0,
    0x0, 0x0, 0x0, 0x5, 0xff, 0xff, 0xf3, 0x0,
    0x0, 0x0, 0x0, 0x1, 0xff, 0xff, 0xf8, 0x0,
    0x0, 0x0, 0x0, 0x0, 0xbf, 0xff, 0xfd, 0x0,
    0x0, 0x0, 0x0, 0x0, 0x6f, 0xff, 0xff, 0x20,
    0x0, 0x0, 0x0, 0x0, 0x1f, 0xff, 0xff, 0x70,
    0x0, 0x0, 0x0, 0x0, 0xc, 0xff, 0xff, 0xd0,
    0x0, 0x0, 0x0, 0x0, 0x7, 0xff, 0xff, 0xf2,
    0x0, 0x0, 0x0, 0x0, 0x2, 0xff, 0xff, 0xf7,
    0x0, 0x0, 0x0, 0x0, 0x0, 0x78, 0x88, 0x85,

    /* U+005D "]" */
    0x27, 0x77, 0x77, 0x77, 0x15, 0xff, 0xff, 0xff,
    0xf3, 0x5f, 0xff, 0xff, 0xff, 0x35, 0xff, 0xff,
    0xff, 0xf3, 0x5f, 0xff, 0xff, 0xff, 0x30, 0x3,
    0xff, 0xff, 0xf3, 0x0, 0x3f, 0xff, 0xff, 0x30,
    0x3, 0xff, 0xff, 0xf3, 0x0, 0x3f, 0xff, 0xff,
    0x30, 0x3, 0xff, 0xff, 0xf3, 0x0, 0x3f, 0xff,
    0xff, 0x30, 0x3, 0xff, 0xff, 0xf3, 0x0, 0x3f,
    0xff, 0xff, 0x30, 0x3, 0xff, 0xff, 0xf3, 0x0,
    0x3f, 0xff, 0xff, 0x30, 0x3, 0xff, 0xff, 0xf3,
    0x0, 0x3f, 0xff, 0xff, 0x30, 0x3, 0xff, 0xff,
    0xf3, 0x0, 0x3f, 0xff, 0xff, 0x30, 0x3, 0xff,
    0xff, 0xf3, 0x0, 0x3f, 0xff, 0xff, 0x30, 0x3,
    0xff, 0xff, 0xf3, 0x0, 0x3f, 0xff, 0xff, 0x30,
    0x3, 0xff, 0xff, 0xf3, 0x0, 0x3f, 0xff, 0xff,
    0x30, 0x3, 0xff, 0xff, 0xf3, 0x0, 0x3f, 0xff,
    0xff, 0x30, 0x3, 0xff, 0xff, 0xf3, 0x0, 0x3f,
    0xff, 0xff, 0x30, 0x3, 0xff, 0xff, 0xf3, 0x0,
    0x3f, 0xff, 0xff, 0x30, 0x3, 0xff, 0xff, 0xf3,
    0x0, 0x3f, 0xff, 0xff, 0x30, 0x3, 0xff, 0xff,
    0xf3, 0x0, 0x3f, 0xff, 0xff, 0x30, 0x3, 0xff,
    0xff, 0xf3, 0x27, 0x9f, 0xff, 0xff, 0x35, 0xff,
    0xff, 0xff, 0xf3, 0x5f, 0xff, 0xff, 0xff, 0x35,
    0xff, 0xff, 0xff, 0xf3, 0x5f, 0xff, 0xff, 0xff,
    0x30,

    /* U+005E "^" */
    0x0, 0x0, 0x1, 0x88, 0x87, 0x0, 0x0, 0x0,
    0x0, 0x0, 0x7f, 0xff, 0xf2, 0x0, 0x0, 0x0,
    0x0, 0xc, 0xff, 0xff, 0x80, 0x0, 0x0, 0x0,
    0x2, 0xff, 0xff, 0xfd, 0x0, 0x0, 0x0, 0x0,
    0x7f, 0xff, 0xff, 0xf2, 0x0, 0x0, 0x0, 0xd,
    0xff, 0xff, 0xff, 0x80, 0x0, 0x0, 0x2, 0xff,
    0xfb, 0xff, 0xfd, 0x0, 0x0, 0x0, 0x7f, 0xff,
    0x6a, 0xff, 0xf3, 0x0, 0x0, 0xd, 0xff, 0xf2,
    0x6f, 0xff, 0x80, 0x0, 0x2, 0xff, 0xfd, 0x1,
    0xff, 0xfd, 0x0, 0x0, 0x8f, 0xff, 0x90, 0xd,
    0xff, 0xf3, 0x0, 0xd, 0xff, 0xf4, 0x0, 0x8f,
    0xff, 0x80, 0x2, 0xff, 0xff, 0x0, 0x4, 0xff,
    0xfd, 0x0, 0x8f, 0xff, 0xb0, 0x0, 0xf, 0xff,
    0xf3, 0xd, 0xff, 0xf7, 0x0, 0x0, 0xbf, 0xff,
    0x80,

    /* U+005F "_" */
    0x48, 0x88, 0x88, 0x88, 0x88, 0x88, 0x88, 0x84,
    0x9f, 0xff, 0xff, 0xff, 0xff, 0xff, 0xff, 0xf9,
    0x9f, 0xff, 0xff, 0xff, 0xff, 0xff, 0xff, 0xf9,
    0x9f, 0xff, 0xff, 0xff, 0xff, 0xff, 0xff, 0xf9,
    0x9f, 0xff, 0xff, 0xff, 0xff, 0xff, 0xff, 0xf9,

    /* U+0060 "`" */
    0x22, 0x22, 0x22, 0x0, 0x0, 0x6, 0xff, 0xff,
    0xf9, 0x0, 0x0, 0x8, 0xff, 0xff, 0xf3, 0x0,
    0x0, 0xa, 0xff, 0xff, 0xd0, 0x0, 0x0, 0xb,
    0xff, 0xff, 0x70, 0x0, 0x0, 0x1d, 0xff, 0xff,
    0x20, 0x0, 0x0, 0x1e, 0xff, 0xfb, 0x0,

    /* U+0061 "a" */
    0x0, 0x0, 0x18, 0xcf, 0xff, 0xd8, 0x20, 0x0,
    0x0, 0x0, 0x7f, 0xff, 0xff, 0xff, 0xff, 0x80,
    0x0, 0x0, 0x9f, 0xff, 0xff, 0xff, 0xff, 0xff,
    0x70, 0x0, 0x4f, 0xff, 0xff, 0xff, 0xff, 0xff,
    0xff, 0x10, 0xc, 0xff, 0xff, 0xf8, 0x6b, 0xff,
    0xff, 0xf7, 0x1, 0xff, 0xff, 0xf9, 0x0, 0xe,
    0xff, 0xff, 0xb0, 0x2c, 0xcc, 0xcc, 0x40, 0x0,
    0xaf, 0xff, 0xfd, 0x0, 0x0, 0x0, 0x0, 0x0,
    0xa, 0xff, 0xff, 0xd0, 0x0, 0x0, 0x0, 0x24,
    0x55, 0xcf, 0xff, 0xfd, 0x0, 0x0, 0x29, 0xff,
    0xff, 0xff, 0xff, 0xff, 0xd0, 0x0, 0x6f, 0xff,
    0xff, 0xff, 0xff, 0xff, 0xfd, 0x0, 0x5f, 0xff,
    0xff, 0xff, 0xff, 0xff, 0xff, 0xd0, 0xe, 0xff,
    0xff, 0xf5, 0x0, 0xaf, 0xff, 0xfd, 0x4, 0xff,
    0xff, 0xf5, 0x0, 0xa, 0xff, 0xff, 0xd0, 0x7f,
    0xff, 0xff, 0x0, 0x0, 0xaf, 0xff, 0xfd, 0x8,
    0xff, 0xff, 0xf0, 0x0, 0xa, 0xff, 0xff, 0xd0,
    0x7f, 0xff, 0xff, 0x20, 0x0, 0xdf, 0xff, 0xfd,
    0x5, 0xff, 0xff, 0xfe, 0x78, 0xdf, 0xff, 0xff,
    0xd0, 0xe, 0xff, 0xff, 0xff, 0xff, 0xff, 0xff,
    0xfe, 0x0, 0x6f, 0xff, 0xff, 0xff, 0xff, 0xff,
    0xff, 0xf0, 0x0, 0x8f, 0xff, 0xff, 0xfe, 0x8f,
    0xff, 0xff, 0x20, 0x0, 0x3a, 0xef, 0xea, 0x21,
    0xff, 0xff, 0xf6,

    /* U+0062 "b" */
    0xff, 0xff, 0xf8, 0x0, 0x0, 0x0, 0x0, 0x0,
    0xf, 0xff, 0xff, 0x80, 0x0, 0x0, 0x0, 0x0,
    0x0, 0xff, 0xff, 0xf8, 0x0, 0x0, 0x0, 0x0,
    0x0, 0xf, 0xff, 0xff, 0x80, 0x0, 0x0, 0x0,
    0x0, 0x0, 0xff, 0xff, 0xf8, 0x0, 0x0, 0x0,
    0x0, 0x0, 0xf, 0xff, 0xff, 0x80, 0x0, 0x0,
    0x0, 0x0, 0x0, 0xff, 0xff, 0xf8, 0x0, 0x0,
    0x0, 0x0, 0x0, 0xf, 0xff, 0xff, 0x80, 0x0,
    0x0, 0x0, 0x0, 0x0, 0xff, 0xff, 0xf8, 0x8,
    0xef, 0xfc, 0x60, 0x0, 0xf, 0xff, 0xff, 0x9d,
    0xff, 0xff, 0xff, 0xc1, 0x0, 0xff, 0xff, 0xff,
    0xff, 0xff, 0xff, 0xff, 0xb0, 0xf, 0xff, 0xff,
    0xff, 0xff, 0xff, 0xff, 0xff, 0x50, 0xff, 0xff,
    0xff, 0xfb, 0xbe, 0xff, 0xff, 0xfb, 0xf, 0xff,
    0xff, 0xe2, 0x0, 0x1d, 0xff, 0xff, 0xf0, 0xff,
    0xff, 0xf8, 0x0, 0x0, 0x5f, 0xff, 0xff, 0x3f,
    0xff, 0xff, 0x80, 0x0, 0x2, 0xff, 0xff, 0xf5,
    0xff, 0xff, 0xf8, 0x0, 0x0, 0xf, 0xff, 0xff,
    0x6f, 0xff, 0xff, 0x80, 0x0, 0x0, 0xff, 0xff,
    0xf7, 0xff, 0xff, 0xf8, 0x0, 0x0, 0xf, 0xff,
    0xff, 0x7f, 0xff, 0xff, 0x80, 0x0, 0x0, 0xff,
    0xff, 0xf7, 0xff, 0xff, 0xf8, 0x0, 0x0, 0xf,
    0xff, 0xff, 0x7f, 0xff, 0xff, 0x80, 0x0, 0x0,
    0xff, 0xff, 0xf6, 0xff, 0xff, 0xf8, 0x0, 0x0,
    0x1f, 0xff, 0xff, 0x5f, 0xff, 0xff, 0x80, 0x0,
    0x5, 0xff, 0xff, 0xf3, 0xff, 0xff, 0xfe, 0x20,
    0x0, 0xcf, 0xff, 0xff, 0xf, 0xff, 0xff, 0xff,
    0xbb, 0xef, 0xff, 0xff, 0xb0, 0xff, 0xff, 0xff,
    0xff, 0xff, 0xff, 0xff, 0xf5, 0xf, 0xff, 0xff,
    0xef, 0xff, 0xff, 0xff, 0xfc, 0x0, 0xff, 0xff,
    0xf4, 0xdf, 0xff, 0xff, 0xfc, 0x10, 0xf, 0xff,
    0xff, 0x20, 0x8d, 0xff, 0xc6, 0x0, 0x0,

    /* U+0063 "c" */
    0x0, 0x0, 0x17, 0xce, 0xff, 0xd9, 0x20, 0x0,
    0x0, 0x0, 0x5f, 0xff, 0xff, 0xff, 0xff, 0x70,
    0x0, 0x0, 0x6f, 0xff, 0xff, 0xff, 0xff, 0xff,
    0x80, 0x0, 0x2f, 0xff, 0xff, 0xff, 0xff, 0xff,
    0xff, 0x30, 0x9, 0xff, 0xff, 0xfd, 0xac, 0xff,
    0xff, 0xfa, 0x0, 0xff, 0xff, 0xfb, 0x0, 0x9,
    0xff, 0xff, 0xf0, 0x3f, 0xff, 0xff, 0x30, 0x0,
    0x1f, 0xff, 0xff, 0x26, 0xff, 0xff, 0xf0, 0x0,
    0x0, 0xef, 0xff, 0xf3, 0x8f, 0xff, 0xfe, 0x0,
    0x0, 0x4, 0x55, 0x55, 0x19, 0xff, 0xff, 0xd0,
    0x0, 0x0, 0x0, 0x0, 0x0, 0x9f, 0xff, 0xfd,
    0x0, 0x0, 0x0, 0x0, 0x0, 0x9, 0xff, 0xff,
    0xd0, 0x0, 0x0, 0x0, 0x0, 0x0, 0x9f, 0xff,
    0xfd, 0x0, 0x0, 0x0, 0x0, 0x0, 0x8, 0xff,
    0xff, 0xe0, 0x0, 0x0, 0x0, 0x0, 0x0, 0x6f,
    0xff, 0xff, 0x0, 0x0, 0xa, 0xcc, 0xcc, 0x33,
    0xff, 0xff, 0xf2, 0x0, 0x0, 0xff, 0xff, 0xf3,
    0xf, 0xff, 0xff, 0xa0, 0x0, 0x7f, 0xff, 0xff,
    0x0, 0x9f, 0xff, 0xff, 0xda, 0xcf, 0xff, 0xff,
    0xa0, 0x2, 0xff, 0xff, 0xff, 0xff, 0xff, 0xff,
    0xf3, 0x0, 0x6, 0xff, 0xff, 0xff, 0xff, 0xff,
    0xf7, 0x0, 0x0, 0x5, 0xff, 0xff, 0xff, 0xff,
    0xf6, 0x0, 0x0, 0x0, 0x1, 0x7c, 0xef, 0xfd,
    0x81, 0x0, 0x0,

    /* U+0064 "d" */
    0x0, 0x0, 0x0, 0x0, 0x0, 0xb, 0xff, 0xff,
    0xc0, 0x0, 0x0, 0x0, 0x0, 0x0, 0xbf, 0xff,
    0xfc, 0x0, 0x0, 0x0, 0x0, 0x0, 0xb, 0xff,
    0xff, 0xc0, 0x0, 0x0, 0x0, 0x0, 0x0, 0xbf,
    0xff, 0xfc, 0x0, 0x0, 0x0, 0x0, 0x0, 0xb,
    0xff, 0xff, 0xc0, 0x0, 0x0, 0x0, 0x0, 0x0,
    0xbf, 0xff, 0xfc, 0x0, 0x0, 0x0, 0x0, 0x0,
    0xb, 0xff, 0xff, 0xc0, 0x0, 0x0, 0x0, 0x0,
    0x0, 0xbf, 0xff, 0xfc, 0x0, 0x0, 0x7c, 0xff,
    0xd6, 0xb, 0xff, 0xff, 0xc0, 0x2, 0xdf, 0xff,
    0xff, 0xfb, 0xcf, 0xff, 0xfc, 0x0, 0xdf, 0xff,
    0xff, 0xff, 0xff, 0xff, 0xff, 0xc0, 0x7f, 0xff,
    0xff, 0xff, 0xff, 0xff, 0xff, 0xfc, 0xd, 0xff,
    0xff, 0xfe, 0xac, 0xff, 0xff, 0xff, 0xc2, 0xff,
    0xff, 0xfc, 0x0, 0x5, 0xff, 0xff, 0xfc, 0x6f,
    0xff, 0xff, 0x40, 0x0, 0xc, 0xff, 0xff, 0xc8,
    0xff, 0xff, 0xf0, 0x0, 0x0, 0xbf, 0xff, 0xfc,
    0x9f, 0xff, 0xfd, 0x0, 0x0, 0xb, 0xff, 0xff,
    0xca, 0xff, 0xff, 0xc0, 0x0, 0x0, 0xbf, 0xff,
    0xfc, 0xbf, 0xff, 0xfc, 0x0, 0x0, 0xb, 0xff,
    0xff, 0xcb, 0xff, 0xff, 0xc0, 0x0, 0x0, 0xbf,
    0xff, 0xfc, 0xaf, 0xff, 0xfc, 0x0, 0x0, 0xb,
    0xff, 0xff, 0xc9, 0xff, 0xff, 0xd0, 0x0, 0x0,
    0xbf, 0xff, 0xfc, 0x8f, 0xff, 0xff, 0x0, 0x0,
    0xb, 0xff, 0xff, 0xc5, 0xff, 0xff, 0xf3, 0x0,
    0x0, 0xcf, 0xff, 0xfc, 0x2f, 0xff, 0xff, 0xc0,
    0x0, 0x5f, 0xff, 0xff, 0xc0, 0xdf, 0xff, 0xff,
    0xeb, 0xdf, 0xff, 0xff, 0xfc, 0x6, 0xff, 0xff,
    0xff, 0xff, 0xff, 0xff, 0xff, 0xc0, 0xc, 0xff,
    0xff, 0xff, 0xff, 0xef, 0xff, 0xfc, 0x0, 0x1d,
    0xff, 0xff, 0xff, 0xa5, 0xff, 0xff, 0xc0, 0x0,
    0x7, 0xcf, 0xfc, 0x60, 0x4f, 0xff, 0xfc,

    /* U+0065 "e" */
    0x0, 0x0, 0x5, 0xbe, 0xff, 0xea, 0x50, 0x0,
    0x0, 0x0, 0x2, 0xdf, 0xff, 0xff, 0xff, 0xfc,
    0x10, 0x0, 0x0, 0x2e, 0xff, 0xff, 0xff, 0xff,
    0xff, 0xd0, 0x0, 0x0, 0xcf, 0xff, 0xff, 0xff,
    0xff, 0xff, 0xf8, 0x0, 0x5, 0xff, 0xff, 0xff,
    0xab, 0xff, 0xff, 0xff, 0x10, 0xb, 0xff, 0xff,
    0xe1, 0x0, 0x2f, 0xff, 0xff, 0x60, 0xf, 0xff,
    0xff, 0x70, 0x0, 0x9, 0xff, 0xff, 0xa0, 0x3f,
    0xff, 0xff, 0x30, 0x0, 0x6, 0xff, 0xff, 0xd0,
    0x5f, 0xff, 0xff, 0x10, 0x0, 0x5, 0xff, 0xff,
    0xe0, 0x7f, 0xff, 0xff, 0xff, 0xff, 0xff, 0xff,
    0xff, 0xf0, 0x7f, 0xff, 0xff, 0xff, 0xff, 0xff,
    0xff, 0xff, 0xf0, 0x7f, 0xff, 0xff, 0xff, 0xff,
    0xff, 0xff, 0xff, 0xf0, 0x7f, 0xff, 0xff, 0xff,
    0xff, 0xff, 0xff, 0xff, 0xf0, 0x6f, 0xff, 0xff,
    0x10, 0x0, 0x0, 0x0, 0x0, 0x0, 0x4f, 0xff,
    0xff, 0x30, 0x0, 0x0, 0x0, 0x0, 0x0, 0x1f,
    0xff, 0xff, 0x90, 0x0, 0x0, 0x0, 0x30, 0x0,
    0xc, 0xff, 0xff, 0xf5, 0x0, 0x0, 0x2b, 0xf3,
    0x0, 0x6, 0xff, 0xff, 0xff, 0xda, 0xbd, 0xff,
    0xfd, 0x0, 0x0, 0xcf, 0xff, 0xff, 0xff, 0xff,
    0xff, 0xff, 0x70, 0x0, 0x1e, 0xff, 0xff, 0xff,
    0xff, 0xff, 0xfe, 0x20, 0x0, 0x1, 0xbf, 0xff,
    0xff, 0xff, 0xff, 0xb1, 0x0, 0x0, 0x0, 0x3,
    0x9d, 0xff, 0xfd, 0x93, 0x0, 0x0,

    /* U+0066 "f" */
    0x0, 0x0, 0x0, 0x18, 0xdf, 0xfe, 0x70, 0x0,
    0x0, 0x5f, 0xff, 0xff, 0xfa, 0x0, 0x0, 0x4f,
    0xff, 0xff, 0xff, 0xa0, 0x0, 0xd, 0xff, 0xff,
    0xff, 0xfa, 0x0, 0x3, 0xff, 0xff, 0xff, 0xdb,
    0x70, 0x0, 0x7f, 0xff, 0xff, 0x70, 0x0, 0x0,
    0x9, 0xff, 0xff, 0xe0, 0x0, 0x0, 0x0, 0xaf,
    0xff, 0xfd, 0x0, 0x0, 0x0, 0xa, 0xff, 0xff,
    0xd0, 0x0, 0x4, 0xff, 0xff, 0xff, 0xff, 0xff,
    0xf1, 0x4f, 0xff, 0xff, 0xff, 0xff, 0xff, 0x14,
    0xff, 0xff, 0xff, 0xff, 0xff, 0xf1, 0x4f, 0xff,
    0xff, 0xff, 0xff, 0xff, 0x10, 0x33, 0xbf, 0xff,
    0xfd, 0x33, 0x30, 0x0, 0xa, 0xff, 0xff, 0xd0,
    0x0, 0x0, 0x0, 0xaf, 0xff, 0xfd, 0x0, 0x0,
    0x0, 0xa, 0xff, 0xff, 0xd0, 0x0, 0x0, 0x0,
    0xaf, 0xff, 0xfd, 0x0, 0x0, 0x0, 0xa, 0xff,
    0xff, 0xd0, 0x0, 0x0, 0x0, 0xaf, 0xff, 0xfd,
    0x0, 0x0, 0x0, 0xa, 0xff, 0xff, 0xd0, 0x0,
    0x0, 0x0, 0xaf, 0xff, 0xfd, 0x0, 0x0, 0x0,
    0xa, 0xff, 0xff, 0xd0, 0x0, 0x0, 0x0, 0xaf,
    0xff, 0xfd, 0x0, 0x0, 0x0, 0xa, 0xff, 0xff,
    0xd0, 0x0, 0x0, 0x0, 0xaf, 0xff, 0xfd, 0x0,
    0x0, 0x0, 0xa, 0xff, 0xff, 0xd0, 0x0, 0x0,
    0x0, 0xaf, 0xff, 0xfd, 0x0, 0x0, 0x0, 0xa,
    0xff, 0xff, 0xd0, 0x0, 0x0, 0x0, 0xaf, 0xff,
    0xfd, 0x0, 0x0, 0x0, 0xa, 0xff, 0xff, 0xd0,
    0x0, 0x0,

    /* U+0067 "g" */
    0x0, 0x0, 0x5b, 0xef, 0xea, 0x30, 0xef, 0xff,
    0xf1, 0x0, 0xb, 0xff, 0xff, 0xff, 0xf5, 0xff,
    0xff, 0xf1, 0x0, 0xbf, 0xff, 0xff, 0xff, 0xff,
    0xff, 0xff, 0xf1, 0x4, 0xff, 0xff, 0xff, 0xff,
    0xff, 0xff, 0xff, 0xf1, 0xc, 0xff, 0xff, 0xff,
    0xbb, 0xef, 0xff, 0xff, 0xf1, 0x1f, 0xff, 0xff,
    0xe2, 0x0, 0x1c, 0xff, 0xff, 0xf1, 0x5f, 0xff,
    0xff, 0x60, 0x0, 0x6, 0xff, 0xff, 0xf1, 0x7f,
    0xff, 0xff, 0x10, 0x0, 0x6, 0xff, 0xff, 0xf1,
    0x9f, 0xff, 0xff, 0x0, 0x0, 0x6, 0xff, 0xff,
    0xf1, 0xaf, 0xff, 0xfd, 0x0, 0x0, 0x6, 0xff,
    0xff, 0xf1, 0xaf, 0xff, 0xfd, 0x0, 0x0, 0x6,
    0xff, 0xff, 0xf1, 0xaf, 0xff, 0xfd, 0x0, 0x0,
    0x6, 0xff, 0xff, 0xf1, 0xaf, 0xff, 0xfd, 0x0,
    0x0, 0x6, 0xff, 0xff, 0xf1, 0x9f, 0xff, 0xfe,
    0x0, 0x0, 0x6, 0xff, 0xff, 0xf1, 0x7f, 0xff,
    0xff, 0x10, 0x0, 0x6, 0xff, 0xff, 0xf1, 0x4f,
    0xff, 0xff, 0x60, 0x0, 0x6, 0xff, 0xff, 0xf1,
    0x1f, 0xff, 0xff, 0xe2, 0x0, 0x1c, 0xff, 0xff,
    0xf1, 0xb, 0xff, 0xff, 0xff, 0xcc, 0xff, 0xff,
    0xff, 0xf1, 0x4, 0xff, 0xff, 0xff, 0xff, 0xff,
    0xff, 0xff, 0xf1, 0x0, 0x9f, 0xff, 0xff, 0xff,
    0xff, 0xff, 0xff, 0xf1, 0x0, 0xa, 0xff, 0xff,
    0xff, 0xe9, 0xff, 0xff, 0xf1, 0x0, 0x0, 0x5b,
    0xef, 0xe9, 0x16, 0xff, 0xff, 0xf1, 0x0, 0x0,
    0x0, 0x0, 0x0, 0x7, 0xff, 0xff, 0xf1, 0x0,
    0x1, 0x0, 0x0, 0x0, 0xa, 0xff, 0xff, 0xf0,
    0x0, 0xb, 0xa2, 0x0, 0x0, 0x3f, 0xff, 0xff,
    0xb0, 0x0, 0x3f, 0xff, 0xb8, 0x8a, 0xff, 0xff,
    0xff, 0x60, 0x0, 0xaf, 0xff, 0xff, 0xff, 0xff,
    0xff, 0xfd, 0x0, 0x0, 0xff, 0xff, 0xff, 0xff,
    0xff, 0xff, 0xf3, 0x0, 0x0, 0x2c, 0xff, 0xff,
    0xff, 0xff, 0xfc, 0x20, 0x0, 0x0, 0x0, 0x38,
    0xcf, 0xff, 0xd9, 0x40, 0x0, 0x0,

    /* U+0068 "h" */
    0x1f, 0xff, 0xff, 0x50, 0x0, 0x0, 0x0, 0x0,
    0x1, 0xff, 0xff, 0xf5, 0x0, 0x0, 0x0, 0x0,
    0x0, 0x1f, 0xff, 0xff, 0x50, 0x0, 0x0, 0x0,
    0x0, 0x1, 0xff, 0xff, 0xf5, 0x0, 0x0, 0x0,
    0x0, 0x0, 0x1f, 0xff, 0xff, 0x50, 0x0, 0x0,
    0x0, 0x0, 0x1, 0xff, 0xff, 0xf5, 0x0, 0x0,
    0x0, 0x0, 0x0, 0x1f, 0xff, 0xff, 0x50, 0x0,
    0x0, 0x0, 0x0, 0x1, 0xff, 0xff, 0xf5, 0x0,
    0x0, 0x0, 0x0, 0x0, 0x1f, 0xff, 0xff, 0x50,
    0x6d, 0xff, 0xc6, 0x0, 0x1, 0xff, 0xff, 0xf6,
    0xbf, 0xff, 0xff, 0xfb, 0x0, 0x1f, 0xff, 0xff,
    0xef, 0xff, 0xff, 0xff, 0xf7, 0x1, 0xff, 0xff,
    0xff, 0xff, 0xff, 0xff, 0xff, 0xe0, 0x1f, 0xff,
    0xff, 0xff, 0xbc, 0xff, 0xff, 0xff, 0x41, 0xff,
    0xff, 0xfd, 0x10, 0x6, 0xff, 0xff, 0xf8, 0x1f,
    0xff, 0xff, 0x60, 0x0, 0xf, 0xff, 0xff, 0xa1,
    0xff, 0xff, 0xf5, 0x0, 0x0, 0xcf, 0xff, 0xfb,
    0x1f, 0xff, 0xff, 0x50, 0x0, 0xc, 0xff, 0xff,
    0xb1, 0xff, 0xff, 0xf5, 0x0, 0x0, 0xcf, 0xff,
    0xfb, 0x1f, 0xff, 0xff, 0x50, 0x0, 0xc, 0xff,
    0xff, 0xb1, 0xff, 0xff, 0xf5, 0x0, 0x0, 0xcf,
    0xff, 0xfb, 0x1f, 0xff, 0xff, 0x50, 0x0, 0xc,
    0xff, 0xff, 0xb1, 0xff, 0xff, 0xf5, 0x0, 0x0,
    0xcf, 0xff, 0xfb, 0x1f, 0xff, 0xff, 0x50, 0x0,
    0xc, 0xff, 0xff, 0xb1, 0xff, 0xff, 0xf5, 0x0,
    0x0, 0xcf, 0xff, 0xfb, 0x1f, 0xff, 0xff, 0x50,
    0x0, 0xc, 0xff, 0xff, 0xb1, 0xff, 0xff, 0xf5,
    0x0, 0x0, 0xcf, 0xff, 0xfb, 0x1f, 0xff, 0xff,
    0x50, 0x0, 0xc, 0xff, 0xff, 0xb1, 0xff, 0xff,
    0xf5, 0x0, 0x0, 0xcf, 0xff, 0xfb, 0x1f, 0xff,
    0xff, 0x50, 0x0, 0xc, 0xff, 0xff, 0xb1, 0xff,
    0xff, 0xf5, 0x0, 0x0, 0xcf, 0xff, 0xfb,

    /* U+0069 "i" */
    0x9, 0xff, 0xa1, 0x9, 0xff, 0xff, 0xa0, 0xef,
    0xff, 0xff, 0xe, 0xff, 0xff, 0xf0, 0x9f, 0xff,
    0xfa, 0x0, 0x9e, 0xe9, 0x0, 0x0, 0x0, 0x0,
    0x0, 0x0, 0x0, 0x0, 0xbf, 0xff, 0xfc, 0xb,
    0xff, 0xff, 0xc0, 0xbf, 0xff, 0xfc, 0xb, 0xff,
    0xff, 0xc0, 0xbf, 0xff, 0xfc, 0xb, 0xff, 0xff,
    0xc0, 0xbf, 0xff, 0xfc, 0xb, 0xff, 0xff, 0xc0,
    0xbf, 0xff, 0xfc, 0xb, 0xff, 0xff, 0xc0, 0xbf,
    0xff, 0xfc, 0xb, 0xff, 0xff, 0xc0, 0xbf, 0xff,
    0xfc, 0xb, 0xff, 0xff, 0xc0, 0xbf, 0xff, 0xfc,
    0xb, 0xff, 0xff, 0xc0, 0xbf, 0xff, 0xfc, 0xb,
    0xff, 0xff, 0xc0, 0xbf, 0xff, 0xfc, 0xb, 0xff,
    0xff, 0xc0, 0xbf, 0xff, 0xfc, 0xb, 0xff, 0xff,
    0xc0,

    /* U+006A "j" */
    0x0, 0x0, 0x1a, 0xfe, 0x90, 0x0, 0x0, 0xbf,
    0xff, 0xf8, 0x0, 0x0, 0xff, 0xff, 0xfd, 0x0,
    0x0, 0xff, 0xff, 0xfd, 0x0, 0x0, 0xaf, 0xff,
    0xf8, 0x0, 0x0, 0x1a, 0xee, 0x80, 0x0, 0x0,
    0x0, 0x0, 0x0, 0x0, 0x0, 0x0, 0x0, 0x0,
    0x0, 0x0, 0xbf, 0xff, 0xfc, 0x0, 0x0, 0xbf,
    0xff, 0xfc, 0x0, 0x0, 0xbf, 0xff, 0xfc, 0x0,
    0x0, 0xbf, 0xff, 0xfc, 0x0, 0x0, 0xbf, 0xff,
    0xfc, 0x0, 0x0, 0xbf, 0xff, 0xfc, 0x0, 0x0,
    0xbf, 0xff, 0xfc, 0x0, 0x0, 0xbf, 0xff, 0xfc,
    0x0, 0x0, 0xbf, 0xff, 0xfc, 0x0, 0x0, 0xbf,
    0xff, 0xfc, 0x0, 0x0, 0xbf, 0xff, 0xfc, 0x0,
    0x0, 0xbf, 0xff, 0xfc, 0x0, 0x0, 0xbf, 0xff,
    0xfc, 0x0, 0x0, 0xbf, 0xff, 0xfc, 0x0, 0x0,
    0xbf, 0xff, 0xfc, 0x0, 0x0, 0xbf, 0xff, 0xfc,
    0x0, 0x0, 0xbf, 0xff, 0xfc, 0x0, 0x0, 0xbf,
    0xff, 0xfc, 0x0, 0x0, 0xbf, 0xff, 0xfc, 0x0,
    0x0, 0xbf, 0xff, 0xfc, 0x0, 0x0, 0xbf, 0xff,
    0xfc, 0x0, 0x0, 0xbf, 0xff, 0xfc, 0x0, 0x0,
    0xbf, 0xff, 0xfc, 0x0, 0x0, 0xcf, 0xff, 0xfc,
    0x0, 0x2, 0xff, 0xff, 0xfa, 0xc, 0xcf, 0xff,
    0xff, 0xf6, 0xf, 0xff, 0xff, 0xff, 0xf1, 0xf,
    0xff, 0xff, 0xff, 0x80, 0xf, 0xff, 0xff, 0xfa,
    0x0, 0xc, 0xff, 0xeb, 0x50, 0x0,

    /* U+006B "k" */
    0xff, 0xff, 0xf8, 0x0, 0x0, 0x0, 0x0, 0x0,
    0x0, 0xff, 0xff, 0xf8, 0x0, 0x0, 0x0, 0x0,
    0x0, 0x0, 0xff, 0xff, 0xf8, 0x0, 0x0, 0x0,
    0x0, 0x0, 0x0, 0xff, 0xff, 0xf8, 0x0, 0x0,
    0x0, 0x0, 0x0, 0x0, 0xff, 0xff, 0xf8, 0x0,
    0x0, 0x0, 0x0, 0x0, 0x0, 0xff, 0xff, 0xf8,
    0x0, 0x0, 0x0, 0x0, 0x0, 0x0, 0xff, 0xff,
    0xf8, 0x0, 0x0, 0x0, 0x0, 0x0, 0x0, 0xff,
    0xff, 0xf8, 0x0, 0x0, 0x0, 0x0, 0x0, 0x0,
    0xff, 0xff, 0xf8, 0x0, 0x3, 0xff, 0xff, 0xff,
    0x40, 0xff, 0xff, 0xf8, 0x0, 0xc, 0xff, 0xff,
    0xf9, 0x0, 0xff, 0xff, 0xf8, 0x0, 0x6f, 0xff,
    0xff, 0xd0, 0x0, 0xff, 0xff, 0xf8, 0x0, 0xef,
    0xff, 0xff, 0x30, 0x0, 0xff, 0xff, 0xf8, 0x8,
    0xff, 0xff, 0xf8, 0x0, 0x0, 0xff, 0xff, 0xf8,
    0x2f, 0xff, 0xff, 0xd0, 0x0, 0x0, 0xff, 0xff,
    0xf8, 0xbf, 0xff, 0xff, 0x30, 0x0, 0x0, 0xff,
    0xff, 0xfd, 0xff, 0xff, 0xf8, 0x0, 0x0, 0x0,
    0xff, 0xff, 0xff, 0xff, 0xff, 0xd0, 0x0, 0x0,
    0x0, 0xff, 0xff, 0xff, 0xff, 0xff, 0xb0, 0x0,
    0x0, 0x0, 0xff, 0xff, 0xff, 0xff, 0xff, 0xf3,
    0x0, 0x0, 0x0, 0xff, 0xff, 0xff, 0xff, 0xff,
    0xfb, 0x0, 0x0, 0x0, 0xff, 0xff, 0xff, 0xff,
    0xff, 0xff, 0x40, 0x0, 0x0, 0xff, 0xff, 0xff,
    0xee, 0xff, 0xff, 0xc0, 0x0, 0x0, 0xff, 0xff,
    0xff, 0x38, 0xff, 0xff, 0xf4, 0x0, 0x0, 0xff,
    0xff, 0xf8, 0x1, 0xff, 0xff, 0xfd, 0x0, 0x0,
    0xff, 0xff, 0xf8, 0x0, 0x9f, 0xff, 0xff, 0x50,
    0x0, 0xff, 0xff, 0xf8, 0x0, 0x2f, 0xff, 0xff,
    0xd0, 0x0, 0xff, 0xff, 0xf8, 0x0, 0xb, 0xff,
    0xff, 0xf5, 0x0, 0xff, 0xff, 0xf8, 0x0, 0x3,
    0xff, 0xff, 0xfd, 0x0, 0xff, 0xff, 0xf8, 0x0,
    0x0, 0xcf, 0xff, 0xff, 0x60, 0xff, 0xff, 0xf8,
    0x0, 0x0, 0x5f, 0xff, 0xff, 0xe0,

    /* U+006C "l" */
    0xbf, 0xff, 0xfc, 0xbf, 0xff, 0xfc, 0xbf, 0xff,
    0xfc, 0xbf, 0xff, 0xfc, 0xbf, 0xff, 0xfc, 0xbf,
    0xff, 0xfc, 0xbf, 0xff, 0xfc, 0xbf, 0xff, 0xfc,
    0xbf, 0xff, 0xfc, 0xbf, 0xff, 0xfc, 0xbf, 0xff,
    0xfc, 0xbf, 0xff, 0xfc, 0xbf, 0xff, 0xfc, 0xbf,
    0xff, 0xfc, 0xbf, 0xff, 0xfc, 0xbf, 0xff, 0xfc,
    0xbf, 0xff, 0xfc, 0xbf, 0xff, 0xfc, 0xbf, 0xff,
    0xfc, 0xbf, 0xff, 0xfc, 0xbf, 0xff, 0xfc, 0xbf,
    0xff, 0xfc, 0xbf, 0xff, 0xfc, 0xbf, 0xff, 0xfc,
    0xbf, 0xff, 0xfc, 0xbf, 0xff, 0xfc, 0xbf, 0xff,
    0xfc, 0xbf, 0xff, 0xfc, 0xbf, 0xff, 0xfc, 0xbf,
    0xff, 0xfc,

    /* U+006D "m" */
    0xff, 0xff, 0xf3, 0x6, 0xcf, 0xfd, 0x80, 0x0,
    0x18, 0xdf, 0xfc, 0x60, 0x0, 0xff, 0xff, 0xf6,
    0xcf, 0xff, 0xff, 0xfc, 0x3, 0xef, 0xff, 0xff,
    0xfb, 0x0, 0xff, 0xff, 0xff, 0xff, 0xff, 0xff,
    0xff, 0xae, 0xff, 0xff, 0xff, 0xff, 0x70, 0xff,
    0xff, 0xff, 0xff, 0xff, 0xff, 0xff, 0xff, 0xff,
    0xff, 0xff, 0xff, 0xe0, 0xff, 0xff, 0xff, 0xfb,
    0xcf, 0xff, 0xff, 0xff, 0xfb, 0xbf, 0xff, 0xff,
    0xf3, 0xff, 0xff, 0xfe, 0x10, 0x7, 0xff, 0xff,
    0xff, 0x30, 0x6, 0xff, 0xff, 0xf6, 0xff, 0xff,
    0xf8, 0x0, 0x0, 0xff, 0xff, 0xf9, 0x0, 0x0,
    0xff, 0xff, 0xf8, 0xff, 0xff, 0xf8, 0x0, 0x0,
    0xef, 0xff, 0xf8, 0x0, 0x0, 0xef, 0xff, 0xf9,
    0xff, 0xff, 0xf8, 0x0, 0x0, 0xef, 0xff, 0xf9,
    0x0, 0x0, 0xef, 0xff, 0xf9, 0xff, 0xff, 0xf8,
    0x0, 0x0, 0xef, 0xff, 0xf9, 0x0, 0x0, 0xef,
    0xff, 0xf9, 0xff, 0xff, 0xf8, 0x0, 0x0, 0xef,
    0xff, 0xf9, 0x0, 0x0, 0xef, 0xff, 0xf9, 0xff,
    0xff, 0xf8, 0x0, 0x0, 0xef, 0xff, 0xf9, 0x0,
    0x0, 0xef, 0xff, 0xf9, 0xff, 0xff, 0xf8, 0x0,
    0x0, 0xef, 0xff, 0xf9, 0x0, 0x0, 0xef, 0xff,
    0xf9, 0xff, 0xff, 0xf8, 0x0, 0x0, 0xef, 0xff,
    0xf9, 0x0, 0x0, 0xef, 0xff, 0xf9, 0xff, 0xff,
    0xf8, 0x0, 0x0, 0xef, 0xff, 0xf9, 0x0, 0x0,
    0xef, 0xff, 0xf9, 0xff, 0xff, 0xf8, 0x0, 0x0,
    0xef, 0xff, 0xf9, 0x0, 0x0, 0xef, 0xff, 0xf9,
    0xff, 0xff, 0xf8, 0x0, 0x0, 0xef, 0xff, 0xf9,
    0x0, 0x0, 0xef, 0xff, 0xf9, 0xff, 0xff, 0xf8,
    0x0, 0x0, 0xef, 0xff, 0xf9, 0x0, 0x0, 0xef,
    0xff, 0xf9, 0xff, 0xff, 0xf8, 0x0, 0x0, 0xef,
    0xff, 0xf9, 0x0, 0x0, 0xef, 0xff, 0xf9, 0xff,
    0xff, 0xf8, 0x0, 0x0, 0xef, 0xff, 0xf9, 0x0,
    0x0, 0xef, 0xff, 0xf9, 0xff, 0xff, 0xf8, 0x0,
    0x0, 0xef, 0xff, 0xf9, 0x0, 0x0, 0xef, 0xff,
    0xf9, 0xff, 0xff, 0xf8, 0x0, 0x0, 0xef, 0xff,
    0xf9, 0x0, 0x0, 0xef, 0xff, 0xf9,

    /* U+006E "n" */
    0x1f, 0xff, 0xff, 0x10, 0x6c, 0xff, 0xd7, 0x0,
    0x1, 0xff, 0xff, 0xf3, 0xcf, 0xff, 0xff, 0xfc,
    0x0, 0x1f, 0xff, 0xff, 0xef, 0xff, 0xff, 0xff,
    0xf9, 0x1, 0xff, 0xff, 0xff, 0xff, 0xff, 0xff,
    0xff, 0xf0, 0x1f, 0xff, 0xff, 0xfa, 0x45, 0xdf,
    0xff, 0xff, 0x51, 0xff, 0xff, 0xfa, 0x0, 0x2,
    0xff, 0xff, 0xf8, 0x1f, 0xff, 0xff, 0x60, 0x0,
    0xd, 0xff, 0xff, 0xa1, 0xff, 0xff, 0xf6, 0x0,
    0x0, 0xcf, 0xff, 0xfb, 0x1f, 0xff, 0xff, 0x60,
    0x0, 0xc, 0xff, 0xff, 0xb1, 0xff, 0xff, 0xf6,
    0x0, 0x0, 0xcf, 0xff, 0xfb, 0x1f, 0xff, 0xff,
    0x60, 0x0, 0xc, 0xff, 0xff, 0xb1, 0xff, 0xff,
    0xf6, 0x0, 0x0, 0xcf, 0xff, 0xfb, 0x1f, 0xff,
    0xff, 0x60, 0x0, 0xc, 0xff, 0xff, 0xb1, 0xff,
    0xff, 0xf6, 0x0, 0x0, 0xcf, 0xff, 0xfb, 0x1f,
    0xff, 0xff, 0x60, 0x0, 0xc, 0xff, 0xff, 0xb1,
    0xff, 0xff, 0xf6, 0x0, 0x0, 0xcf, 0xff, 0xfb,
    0x1f, 0xff, 0xff, 0x60, 0x0, 0xc, 0xff, 0xff,
    0xb1, 0xff, 0xff, 0xf6, 0x0, 0x0, 0xcf, 0xff,
    0xfb, 0x1f, 0xff, 0xff, 0x60, 0x0, 0xc, 0xff,
    0xff, 0xb1, 0xff, 0xff, 0xf6, 0x0, 0x0, 0xcf,
    0xff, 0xfb, 0x1f, 0xff, 0xff, 0x60, 0x0, 0xc,
    0xff, 0xff, 0xb1, 0xff, 0xff, 0xf6, 0x0, 0x0,
    0xcf, 0xff, 0xfb,

    /* U+006F "o" */
    0x0, 0x0, 0x5, 0xbe, 0xff, 0xda, 0x40, 0x0,
    0x0, 0x0, 0x2, 0xdf, 0xff, 0xff, 0xff, 0xfc,
    0x10, 0x0, 0x0, 0x3f, 0xff, 0xff, 0xff, 0xff,
    0xff, 0xe1, 0x0, 0x0, 0xdf, 0xff, 0xff, 0xff,
    0xff, 0xff, 0xfc, 0x0, 0x7, 0xff, 0xff, 0xff,
    0xbb, 0xff, 0xff, 0xff, 0x50, 0xd, 0xff, 0xff,
    0xf2, 0x0, 0x4f, 0xff, 0xff, 0xc0, 0x2f, 0xff,
    0xff, 0x70, 0x0, 0x9, 0xff, 0xff, 0xf1, 0x5f,
    0xff, 0xff, 0x20, 0x0, 0x4, 0xff, 0xff, 0xf4,
    0x8f, 0xff, 0xff, 0x0, 0x0, 0x1, 0xff, 0xff,
    0xf6, 0x9f, 0xff, 0xfe, 0x0, 0x0, 0x0, 0xff,
    0xff, 0xf7, 0x9f, 0xff, 0xfe, 0x0, 0x0, 0x0,
    0xff, 0xff, 0xf8, 0x9f, 0xff, 0xfe, 0x0, 0x0,
    0x0, 0xff, 0xff, 0xf8, 0x9f, 0xff, 0xfe, 0x0,
    0x0, 0x0, 0xff, 0xff, 0xf7, 0x8f, 0xff, 0xff,
    0x0, 0x0, 0x1, 0xff, 0xff, 0xf6, 0x5f, 0xff,
    0xff, 0x20, 0x0, 0x3, 0xff, 0xff, 0xf4, 0x2f,
    0xff, 0xff, 0x70, 0x0, 0x8, 0xff, 0xff, 0xf1,
    0xd, 0xff, 0xff, 0xe2, 0x0, 0x2f, 0xff, 0xff,
    0xb0, 0x7, 0xff, 0xff, 0xff, 0xbb, 0xff, 0xff,
    0xff, 0x50, 0x0, 0xdf, 0xff, 0xff, 0xff, 0xff,
    0xff, 0xfc, 0x0, 0x0, 0x2f, 0xff, 0xff, 0xff,
    0xff, 0xff, 0xe1, 0x0, 0x0, 0x2, 0xdf, 0xff,
    0xff, 0xff, 0xfc, 0x10, 0x0, 0x0, 0x0, 0x5,
    0xae, 0xff, 0xea, 0x50, 0x0, 0x0,

    /* U+0070 "p" */
    0xff, 0xff, 0xf2, 0x18, 0xef, 0xfc, 0x60, 0x0,
    0xf, 0xff, 0xff, 0x5e, 0xff, 0xff, 0xff, 0xc1,
    0x0, 0xff, 0xff, 0xff, 0xff, 0xff, 0xff, 0xff,
    0xb0, 0xf, 0xff, 0xff, 0xff, 0xff, 0xff, 0xff,
    0xff, 0x50, 0xff, 0xff, 0xff, 0xfb, 0xbf, 0xff,
    0xff, 0xfb, 0xf, 0xff, 0xff, 0xe1, 0x0, 0x1e,
    0xff, 0xff, 0xf0, 0xff, 0xff, 0xf8, 0x0, 0x0,
    0x7f, 0xff, 0xff, 0x3f, 0xff, 0xff, 0x80, 0x0,
    0x3, 0xff, 0xff, 0xf5, 0xff, 0xff, 0xf8, 0x0,
    0x0, 0x1f, 0xff, 0xff, 0x6f, 0xff, 0xff, 0x80,
    0x0, 0x0, 0xff, 0xff, 0xf7, 0xff, 0xff, 0xf8,
    0x0, 0x0, 0xf, 0xff, 0xff, 0x7f, 0xff, 0xff,
    0x80, 0x0, 0x0, 0xff, 0xff, 0xf7, 0xff, 0xff,
    0xf8, 0x0, 0x0, 0xf, 0xff, 0xff, 0x7f, 0xff,
    0xff, 0x80, 0x0, 0x0, 0xff, 0xff, 0xf6, 0xff,
    0xff, 0xf8, 0x0, 0x0, 0x3f, 0xff, 0xff, 0x5f,
    0xff, 0xff, 0x80, 0x0, 0x7, 0xff, 0xff, 0xf2,
    0xff, 0xff, 0xfd, 0x10, 0x1, 0xef, 0xff, 0xfe,
    0xf, 0xff, 0xff, 0xff, 0xbb, 0xff, 0xff, 0xff,
    0xa0, 0xff, 0xff, 0xff, 0xff, 0xff, 0xff, 0xff,
    0xf3, 0xf, 0xff, 0xff, 0xff, 0xff, 0xff, 0xff,
    0xfa, 0x0, 0xff, 0xff, 0xf9, 0xdf, 0xff, 0xff,
    0xfb, 0x0, 0xf, 0xff, 0xff, 0x80, 0x8d, 0xff,
    0xc6, 0x0, 0x0, 0xff, 0xff, 0xf8, 0x0, 0x0,
    0x0, 0x0, 0x0, 0xf, 0xff, 0xff, 0x80, 0x0,
    0x0, 0x0, 0x0, 0x0, 0xff, 0xff, 0xf8, 0x0,
    0x0, 0x0, 0x0, 0x0, 0xf, 0xff, 0xff, 0x80,
    0x0, 0x0, 0x0, 0x0, 0x0, 0xff, 0xff, 0xf8,
    0x0, 0x0, 0x0, 0x0, 0x0, 0xf, 0xff, 0xff,
    0x80, 0x0, 0x0, 0x0, 0x0, 0x0, 0xff, 0xff,
    0xf8, 0x0, 0x0, 0x0, 0x0, 0x0, 0xf, 0xff,
    0xff, 0x80, 0x0, 0x0, 0x0, 0x0, 0x0,

    /* U+0071 "q" */
    0x0, 0x0, 0x7c, 0xff, 0xd7, 0x1, 0xff, 0xff,
    0xc0, 0x2, 0xef, 0xff, 0xff, 0xfc, 0x4f, 0xff,
    0xfc, 0x0, 0xdf, 0xff, 0xff, 0xff, 0xfe, 0xff,
    0xff, 0xc0, 0x7f, 0xff, 0xff, 0xff, 0xff, 0xff,
    0xff, 0xfc, 0xe, 0xff, 0xff, 0xfe, 0xab, 0xff,
    0xff, 0xff, 0xc3, 0xff, 0xff, 0xfc, 0x0, 0x3,
    0xff, 0xff, 0xfc, 0x6f, 0xff, 0xff, 0x30, 0x0,
    0xb, 0xff, 0xff, 0xc8, 0xff, 0xff, 0xf0, 0x0,
    0x0, 0xbf, 0xff, 0xfc, 0xaf, 0xff, 0xfd, 0x0,
    0x0, 0xb, 0xff, 0xff, 0xca, 0xff, 0xff, 0xc0,
    0x0, 0x0, 0xbf, 0xff, 0xfc, 0xbf, 0xff, 0xfc,
    0x0, 0x0, 0xb, 0xff, 0xff, 0xcb, 0xff, 0xff,
    0xc0, 0x0, 0x0, 0xbf, 0xff, 0xfc, 0xaf, 0xff,
    0xfc, 0x0, 0x0, 0xb, 0xff, 0xff, 0xc9, 0xff,
    0xff, 0xd0, 0x0, 0x0, 0xbf, 0xff, 0xfc, 0x8f,
    0xff, 0xff, 0x0, 0x0, 0xb, 0xff, 0xff, 0xc5,
    0xff, 0xff, 0xf3, 0x0, 0x0, 0xbf, 0xff, 0xfc,
    0x2f, 0xff, 0xff, 0xc0, 0x0, 0x3f, 0xff, 0xff,
    0xc0, 0xdf, 0xff, 0xff, 0xea, 0xbf, 0xff, 0xff,
    0xfc, 0x6, 0xff, 0xff, 0xff, 0xff, 0xff, 0xff,
    0xff, 0xc0, 0xc, 0xff, 0xff, 0xff, 0xff, 0xff,
    0xff, 0xfc, 0x0, 0x1d, 0xff, 0xff, 0xff, 0xbc,
    0xff, 0xff, 0xc0, 0x0, 0x7, 0xcf, 0xfd, 0x70,
    0xbf, 0xff, 0xfc, 0x0, 0x0, 0x0, 0x0, 0x0,
    0xb, 0xff, 0xff, 0xc0, 0x0, 0x0, 0x0, 0x0,
    0x0, 0xbf, 0xff, 0xfc, 0x0, 0x0, 0x0, 0x0,
    0x0, 0xb, 0xff, 0xff, 0xc0, 0x0, 0x0, 0x0,
    0x0, 0x0, 0xbf, 0xff, 0xfc, 0x0, 0x0, 0x0,
    0x0, 0x0, 0xb, 0xff, 0xff, 0xc0, 0x0, 0x0,
    0x0, 0x0, 0x0, 0xbf, 0xff, 0xfc, 0x0, 0x0,
    0x0, 0x0, 0x0, 0xb, 0xff, 0xff, 0xc0, 0x0,
    0x0, 0x0, 0x0, 0x0, 0xbf, 0xff, 0xfc,

    /* U+0072 "r" */
    0xff, 0xff, 0xf3, 0x1a, 0xff, 0x6f, 0xff, 0xff,
    0x5d, 0xff, 0xf7, 0xff, 0xff, 0xfd, 0xff, 0xff,
    0x7f, 0xff, 0xff, 0xff, 0xff, 0xf7, 0xff, 0xff,
    0xff, 0xff, 0xff, 0x6f, 0xff, 0xff, 0xff, 0xca,
    0xa5, 0xff, 0xff, 0xff, 0x40, 0x0, 0xf, 0xff,
    0xff, 0x90, 0x0, 0x0, 0xff, 0xff, 0xf8, 0x0,
    0x0, 0xf, 0xff, 0xff, 0x80, 0x0, 0x0, 0xff,
    0xff, 0xf8, 0x0, 0x0, 0xf, 0xff, 0xff, 0x80,
    0x0, 0x0, 0xff, 0xff, 0xf8, 0x0, 0x0, 0xf,
    0xff, 0xff, 0x80, 0x0, 0x0, 0xff, 0xff, 0xf8,
    0x0, 0x0, 0xf, 0xff, 0xff, 0x80, 0x0, 0x0,
    0xff, 0xff, 0xf8, 0x0, 0x0, 0xf, 0xff, 0xff,
    0x80, 0x0, 0x0, 0xff, 0xff, 0xf8, 0x0, 0x0,
    0xf, 0xff, 0xff, 0x80, 0x0, 0x0, 0xff, 0xff,
    0xf8, 0x0, 0x0, 0xf, 0xff, 0xff, 0x80, 0x0,
    0x0,

    /* U+0073 "s" */
    0x0, 0x0, 0x4a, 0xef, 0xfe, 0xb6, 0x0, 0x0,
    0x0, 0x1c, 0xff, 0xff, 0xff, 0xff, 0xe4, 0x0,
    0x0, 0xdf, 0xff, 0xff, 0xff, 0xff, 0xff, 0x40,
    0x9, 0xff, 0xff, 0xff, 0xff, 0xff, 0xff, 0xe0,
    0xf, 0xff, 0xff, 0xd5, 0x4b, 0xff, 0xff, 0xf5,
    0x3f, 0xff, 0xff, 0x10, 0x0, 0xff, 0xff, 0xf8,
    0x4f, 0xff, 0xff, 0x0, 0x0, 0x9a, 0xaa, 0xa6,
    0x2f, 0xff, 0xff, 0xa0, 0x0, 0x0, 0x0, 0x0,
    0xe, 0xff, 0xff, 0xfe, 0x71, 0x0, 0x0, 0x0,
    0x5, 0xff, 0xff, 0xff, 0xff, 0xa3, 0x0, 0x0,
    0x0, 0x7f, 0xff, 0xff, 0xff, 0xff, 0xa1, 0x0,
    0x0, 0x4, 0xdf, 0xff, 0xff, 0xff, 0xfe, 0x20,
    0x0, 0x0, 0x6, 0xdf, 0xff, 0xff, 0xff, 0xd0,
    0x0, 0x0, 0x0, 0x4, 0xcf, 0xff, 0xff, 0xf5,
    0x0, 0x0, 0x0, 0x0, 0x5, 0xff, 0xff, 0xf9,
    0xcf, 0xff, 0xf6, 0x0, 0x0, 0xaf, 0xff, 0xfb,
    0xaf, 0xff, 0xfb, 0x0, 0x0, 0xbf, 0xff, 0xfa,
    0x5f, 0xff, 0xff, 0xb6, 0x59, 0xff, 0xff, 0xf7,
    0xc, 0xff, 0xff, 0xff, 0xff, 0xff, 0xff, 0xf1,
    0x2, 0xef, 0xff, 0xff, 0xff, 0xff, 0xff, 0x60,
    0x0, 0x2c, 0xff, 0xff, 0xff, 0xff, 0xe5, 0x0,
    0x0, 0x0, 0x5a, 0xef, 0xfe, 0xb6, 0x10, 0x0,

    /* U+0074 "t" */
    0x0, 0x8, 0x88, 0x88, 0x30, 0x0, 0x0, 0xf,
    0xff, 0xff, 0x60, 0x0, 0x0, 0xf, 0xff, 0xff,
    0x60, 0x0, 0x0, 0xf, 0xff, 0xff, 0x60, 0x0,
    0x0, 0xf, 0xff, 0xff, 0x60, 0x0, 0x0, 0xf,
    0xff, 0xff, 0x60, 0x0, 0x8f, 0xff, 0xff, 0xff,
    0xff, 0xf4, 0x8f, 0xff, 0xff, 0xff, 0xff, 0xf4,
    0x8f, 0xff, 0xff, 0xff, 0xff, 0xf4, 0x8f, 0xff,
    0xff, 0xff, 0xff, 0xf4, 0x13, 0x4f, 0xff, 0xff,
    0x83, 0x30, 0x0, 0xf, 0xff, 0xff, 0x60, 0x0,
    0x0, 0xf, 0xff, 0xff, 0x60, 0x0, 0x0, 0xf,
    0xff, 0xff, 0x60, 0x0, 0x0, 0xf, 0xff, 0xff,
    0x60, 0x0, 0x0, 0xf, 0xff, 0xff, 0x60, 0x0,
    0x0, 0xf, 0xff, 0xff, 0x60, 0x0, 0x0, 0xf,
    0xff, 0xff, 0x60, 0x0, 0x0, 0xf, 0xff, 0xff,
    0x60, 0x0, 0x0, 0xf, 0xff, 0xff, 0x60, 0x0,
    0x0, 0xf, 0xff, 0xff, 0x60, 0x0, 0x0, 0xf,
    0xff, 0xff, 0x60, 0x0, 0x0, 0xf, 0xff, 0xff,
    0xa0, 0x0, 0x0, 0xe, 0xff, 0xff, 0xfd, 0xc5,
    0x0, 0xa, 0xff, 0xff, 0xff, 0xf6, 0x0, 0x4,
    0xff, 0xff, 0xff, 0xf6, 0x0, 0x0, 0x9f, 0xff,
    0xff, 0xf6, 0x0, 0x0, 0x5, 0xcf, 0xfe, 0xb3,

    /* U+0075 "u" */
    0x1f, 0xff, 0xff, 0x60, 0x0, 0xc, 0xff, 0xff,
    0xb1, 0xff, 0xff, 0xf6, 0x0, 0x0, 0xcf, 0xff,
    0xfb, 0x1f, 0xff, 0xff, 0x60, 0x0, 0xc, 0xff,
    0xff, 0xb1, 0xff, 0xff, 0xf6, 0x0, 0x0, 0xcf,
    0xff, 0xfb, 0x1f, 0xff, 0xff, 0x60, 0x0, 0xc,
    0xff, 0xff, 0xb1, 0xff, 0xff, 0xf6, 0x0, 0x0,
    0xcf, 0xff, 0xfb, 0x1f, 0xff, 0xff, 0x60, 0x0,
    0xc, 0xff, 0xff, 0xb1, 0xff, 0xff, 0xf6, 0x0,
    0x0, 0xcf, 0xff, 0xfb, 0x1f, 0xff, 0xff, 0x60,
    0x0, 0xc, 0xff, 0xff, 0xb1, 0xff, 0xff, 0xf6,
    0x0, 0x0, 0xcf, 0xff, 0xfb, 0x1f, 0xff, 0xff,
    0x60, 0x0, 0xc, 0xff, 0xff, 0xb1, 0xff, 0xff,
    0xf6, 0x0, 0x0, 0xcf, 0xff, 0xfb, 0x1f, 0xff,
    0xff, 0x60, 0x0, 0xc, 0xff, 0xff, 0xb1, 0xff,
    0xff, 0xf6, 0x0, 0x0, 0xcf, 0xff, 0xfb, 0x1f,
    0xff, 0xff, 0x60, 0x0, 0xc, 0xff, 0xff, 0xb0,
    0xff, 0xff, 0xf8, 0x0, 0x0, 0xcf, 0xff, 0xfb,
    0xe, 0xff, 0xff, 0xe1, 0x0, 0x6f, 0xff, 0xff,
    0xb0, 0xbf, 0xff, 0xff, 0xeb, 0xdf, 0xff, 0xff,
    0xfb, 0x5, 0xff, 0xff, 0xff, 0xff, 0xff, 0xff,
    0xff, 0xb0, 0xd, 0xff, 0xff, 0xff, 0xff, 0xff,
    0xff, 0xfb, 0x0, 0x2e, 0xff, 0xff, 0xff, 0xb8,
    0xff, 0xff, 0xb0, 0x0, 0x19, 0xdf, 0xfc, 0x60,
    0x7f, 0xff, 0xfb,

    /* U+0076 "v" */
    0x5f, 0xff, 0xff, 0x50, 0x0, 0x7, 0xff, 0xff,
    0xf3, 0x1f, 0xff, 0xff, 0x80, 0x0, 0xa, 0xff,
    0xff, 0xf0, 0xd, 0xff, 0xff, 0xb0, 0x0, 0xd,
    0xff, 0xff, 0xb0, 0x8, 0xff, 0xff, 0xe0, 0x0,
    0xf, 0xff, 0xff, 0x70, 0x4, 0xff, 0xff, 0xf2,
    0x0, 0x3f, 0xff, 0xff, 0x20, 0x0, 0xff, 0xff,
    0xf5, 0x0, 0x6f, 0xff, 0xfe, 0x0, 0x0, 0xcf,
    0xff, 0xf8, 0x0, 0x9f, 0xff, 0xfa, 0x0, 0x0,
    0x7f, 0xff, 0xfb, 0x0, 0xcf, 0xff, 0xf6, 0x0,
    0x0, 0x3f, 0xff, 0xfe, 0x0, 0xff, 0xff, 0xf1,
    0x0, 0x0, 0xf, 0xff, 0xff, 0x12, 0xff, 0xff,
    0xd0, 0x0, 0x0, 0xb, 0xff, 0xff, 0x45, 0xff,
    0xff, 0x90, 0x0, 0x0, 0x7, 0xff, 0xff, 0x88,
    0xff, 0xff, 0x50, 0x0, 0x0, 0x2, 0xff, 0xff,
    0xbc, 0xff, 0xff, 0x10, 0x0, 0x0, 0x0, 0xef,
    0xff, 0xef, 0xff, 0xfc, 0x0, 0x0, 0x0, 0x0,
    0xaf, 0xff, 0xff, 0xff, 0xf8, 0x0, 0x0, 0x0,
    0x0, 0x6f, 0xff, 0xff, 0xff, 0xf4, 0x0, 0x0,
    0x0, 0x0, 0x1f, 0xff, 0xff, 0xff, 0xf0, 0x0,
    0x0, 0x0, 0x0, 0xd, 0xff, 0xff, 0xff, 0xc0,
    0x0, 0x0, 0x0, 0x0, 0x9, 0xff, 0xff, 0xff,
    0x70, 0x0, 0x0, 0x0, 0x0, 0x5, 0xff, 0xff,
    0xff, 0x30, 0x0, 0x0, 0x0, 0x0, 0x1, 0xff,
    0xff, 0xff, 0x0, 0x0, 0x0, 0x0, 0x0, 0x0,
    0xcf, 0xff, 0xfb, 0x0, 0x0, 0x0,

    /* U+0077 "w" */
    0x3f, 0xff, 0xff, 0x0, 0x0, 0x6f, 0xff, 0xb0,
    0x0, 0xb, 0xff, 0xff, 0x80, 0xff, 0xff, 0xf2,
    0x0, 0xa, 0xff, 0xfe, 0x0, 0x0, 0xef, 0xff,
    0xf5, 0xd, 0xff, 0xff, 0x50, 0x0, 0xef, 0xff,
    0xf2, 0x0, 0xf, 0xff, 0xff, 0x20, 0x9f, 0xff,
    0xf7, 0x0, 0x1f, 0xff, 0xff, 0x60, 0x3, 0xff,
    0xff, 0xe0, 0x6, 0xff, 0xff, 0xa0, 0x5, 0xff,
    0xff, 0xfa, 0x0, 0x5f, 0xff, 0xfb, 0x0, 0x3f,
    0xff, 0xfc, 0x0, 0x9f, 0xff, 0xff, 0xd0, 0x8,
    0xff, 0xff, 0x80, 0x0, 0xff, 0xff, 0xf0, 0xc,
    0xff, 0xff, 0xff, 0x10, 0xaf, 0xff, 0xf5, 0x0,
    0xd, 0xff, 0xff, 0x10, 0xff, 0xff, 0xff, 0xf5,
    0xd, 0xff, 0xff, 0x10, 0x0, 0x9f, 0xff, 0xf4,
    0x3f, 0xff, 0xff, 0xff, 0x80, 0xff, 0xff, 0xe0,
    0x0, 0x6, 0xff, 0xff, 0x67, 0xff, 0xfd, 0xff,
    0xfc, 0x2f, 0xff, 0xfb, 0x0, 0x0, 0x3f, 0xff,
    0xf9, 0xbf, 0xff, 0x6f, 0xff, 0xf4, 0xff, 0xff,
    0x80, 0x0, 0x0, 0xff, 0xff, 0xbe, 0xff, 0xf2,
    0xdf, 0xff, 0xaf, 0xff, 0xf5, 0x0, 0x0, 0xd,
    0xff, 0xff, 0xff, 0xfe, 0x9, 0xff, 0xff, 0xff,
    0xff, 0x10, 0x0, 0x0, 0x9f, 0xff, 0xff, 0xff,
    0xa0, 0x5f, 0xff, 0xff, 0xff, 0xe0, 0x0, 0x0,
    0x6, 0xff, 0xff, 0xff, 0xf6, 0x1, 0xff, 0xff,
    0xff, 0xfb, 0x0, 0x0, 0x0, 0x3f, 0xff, 0xff,
    0xff, 0x30, 0xd, 0xff, 0xff, 0xff, 0x80, 0x0,
    0x0, 0x0, 0xff, 0xff, 0xff, 0xf0, 0x0, 0xaf,
    0xff, 0xff, 0xf5, 0x0, 0x0, 0x0, 0xd, 0xff,
    0xff, 0xfb, 0x0, 0x6, 0xff, 0xff, 0xff, 0x10,
    0x0, 0x0, 0x0, 0x9f, 0xff, 0xff, 0x70, 0x0,
    0x2f, 0xff, 0xff, 0xe0, 0x0, 0x0, 0x0, 0x6,
    0xff, 0xff, 0xf3, 0x0, 0x0, 0xef, 0xff, 0xfb,
    0x0, 0x0, 0x0, 0x0, 0x3f, 0xff, 0xff, 0x0,
    0x0, 0xa, 0xff, 0xff, 0x80, 0x0, 0x0, 0x0,
    0x0, 0xff, 0xff, 0xc0, 0x0, 0x0, 0x7f, 0xff,
    0xf5, 0x0, 0x0,

    /* U+0078 "x" */
    0xe, 0xff, 0xff, 0xe0, 0x0, 0xa, 0xff, 0xff,
    0xf2, 0x7, 0xff, 0xff, 0xf6, 0x0, 0x1f, 0xff,
    0xff, 0x90, 0x0, 0xef, 0xff, 0xfd, 0x0, 0x7f,
    0xff, 0xff, 0x20, 0x0, 0x7f, 0xff, 0xff, 0x50,
    0xdf, 0xff, 0xf9, 0x0, 0x0, 0x1f, 0xff, 0xff,
    0xc4, 0xff, 0xff, 0xf1, 0x0, 0x0, 0x8, 0xff,
    0xff, 0xfd, 0xff, 0xff, 0x90, 0x0, 0x0, 0x1,
    0xff, 0xff, 0xff, 0xff, 0xff, 0x10, 0x0, 0x0,
    0x0, 0x9f, 0xff, 0xff, 0xff, 0xf9, 0x0, 0x0,
    0x0, 0x0, 0x1f, 0xff, 0xff, 0xff, 0xf1, 0x0,
    0x0, 0x0, 0x0, 0x9, 0xff, 0xff, 0xff, 0x90,
    0x0, 0x0, 0x0, 0x0, 0x2, 0xff, 0xff, 0xff,
    0x10, 0x0, 0x0, 0x0, 0x0, 0x5, 0xff, 0xff,
    0xff, 0x50, 0x0, 0x0, 0x0, 0x0, 0xc, 0xff,
    0xff, 0xff, 0xd0, 0x0, 0x0, 0x0, 0x0, 0x4f,
    0xff, 0xff, 0xff, 0xf5, 0x0, 0x0, 0x0, 0x0,
    0xcf, 0xff, 0xff, 0xff, 0xfd, 0x0, 0x0, 0x0,
    0x3, 0xff, 0xff, 0xff, 0xff, 0xff, 0x50, 0x0,
    0x0, 0xb, 0xff, 0xff, 0xec, 0xff, 0xff, 0xd0,
    0x0, 0x0, 0x3f, 0xff, 0xff, 0x75, 0xff, 0xff,
    0xf5, 0x0, 0x0, 0xaf, 0xff, 0xff, 0x10, 0xdf,
    0xff, 0xfd, 0x0, 0x2, 0xff, 0xff, 0xf9, 0x0,
    0x6f, 0xff, 0xff, 0x50, 0xa, 0xff, 0xff, 0xf2,
    0x0, 0xe, 0xff, 0xff, 0xd0, 0x2f, 0xff, 0xff,
    0xb0, 0x0, 0x7, 0xff, 0xff, 0xf5,

    /* U+0079 "y" */
    0x8f, 0xff, 0xff, 0x50, 0x0, 0x5, 0xff, 0xff,
    0xf5, 0x3f, 0xff, 0xff, 0x80, 0x0, 0x9, 0xff,
    0xff, 0xf1, 0xe, 0xff, 0xff, 0xc0, 0x0, 0xd,
    0xff, 0xff, 0xc0, 0xa, 0xff, 0xff, 0xf0, 0x0,
    0x1f, 0xff, 0xff, 0x70, 0x5, 0xff, 0xff, 0xf2,
    0x0, 0x4f, 0xff, 0xff, 0x30, 0x1, 0xff, 0xff,
    0xf6, 0x0, 0x8f, 0xff, 0xfe, 0x0, 0x0, 0xcf,
    0xff, 0xf9, 0x0, 0xcf, 0xff, 0xfa, 0x0, 0x0,
    0x8f, 0xff, 0xfd, 0x0, 0xff, 0xff, 0xf5, 0x0,
    0x0, 0x3f, 0xff, 0xff, 0x3, 0xff, 0xff, 0xf1,
    0x0, 0x0, 0xf, 0xff, 0xff, 0x47, 0xff, 0xff,
    0xc0, 0x0, 0x0, 0xa, 0xff, 0xff, 0x7b, 0xff,
    0xff, 0x80, 0x0, 0x0, 0x6, 0xff, 0xff, 0xae,
    0xff, 0xff, 0x30, 0x0, 0x0, 0x1, 0xff, 0xff,
    0xff, 0xff, 0xfe, 0x0, 0x0, 0x0, 0x0, 0xdf,
    0xff, 0xff, 0xff, 0xfa, 0x0, 0x0, 0x0, 0x0,
    0x8f, 0xff, 0xff, 0xff, 0xf5, 0x0, 0x0, 0x0,
    0x0, 0x4f, 0xff, 0xff, 0xff, 0xf1, 0x0, 0x0,
    0x0, 0x0, 0xf, 0xff, 0xff, 0xff, 0xc0, 0x0,
    0x0, 0x0, 0x0, 0xb, 0xff, 0xff, 0xff, 0x80,
    0x0, 0x0, 0x0, 0x0, 0x6, 0xff, 0xff, 0xff,
    0x30, 0x0, 0x0, 0x0, 0x0, 0x2, 0xff, 0xff,
    0xff, 0x0, 0x0, 0x0, 0x0, 0x0, 0x0, 0xdf,
    0xff, 0xfa, 0x0, 0x0, 0x0, 0x0, 0x0, 0x0,
    0x9f, 0xff, 0xf6, 0x0, 0x0, 0x0, 0x0, 0x0,
    0x0, 0xdf, 0xff, 0xf1, 0x0, 0x0, 0x0, 0x0,
    0x0, 0x3, 0xff, 0xff, 0xd0, 0x0, 0x0, 0x0,
    0x0, 0x0, 0xb, 0xff, 0xff, 0x80, 0x0, 0x0,
    0x0, 0x0, 0x6a, 0xef, 0xff, 0xff, 0x30, 0x0,
    0x0, 0x0, 0x0, 0x9f, 0xff, 0xff, 0xfc, 0x0,
    0x0, 0x0, 0x0, 0x0, 0x9f, 0xff, 0xff, 0xf3,
    0x0, 0x0, 0x0, 0x0, 0x0, 0x9f, 0xff, 0xff,
    0x60, 0x0, 0x0, 0x0, 0x0, 0x0, 0x6e, 0xff,
    0xb3, 0x0, 0x0, 0x0, 0x0, 0x0,

    /* U+007A "z" */
    0x3f, 0xff, 0xff, 0xff, 0xff, 0xff, 0xff, 0xf5,
    0x3f, 0xff, 0xff, 0xff, 0xff, 0xff, 0xff, 0xf5,
    0x3f, 0xff, 0xff, 0xff, 0xff, 0xff, 0xff, 0xf5,
    0x3f, 0xff, 0xff, 0xff, 0xff, 0xff, 0xff, 0xf3,
    0x2a, 0xaa, 0xaa, 0xaa, 0xbf, 0xff, 0xff, 0xa0,
    0x0, 0x0, 0x0, 0x0, 0xaf, 0xff, 0xff, 0x10,
    0x0, 0x0, 0x0, 0x3, 0xff, 0xff, 0xf7, 0x0,
    0x0, 0x0, 0x0, 0xd, 0xff, 0xff, 0xd0, 0x0,
    0x0, 0x0, 0x0, 0x7f, 0xff, 0xff, 0x40, 0x0,
    0x0, 0x0, 0x1, 0xff, 0xff, 0xfb, 0x0, 0x0,
    0x0, 0x0, 0xa, 0xff, 0xff, 0xf2, 0x0, 0x0,
    0x0, 0x0, 0x4f, 0xff, 0xff, 0x70, 0x0, 0x0,
    0x0, 0x0, 0xdf, 0xff, 0xfd, 0x0, 0x0, 0x0,
    0x0, 0x7, 0xff, 0xff, 0xf4, 0x0, 0x0, 0x0,
    0x0, 0x1f, 0xff, 0xff, 0xb0, 0x0, 0x0, 0x0,
    0x0, 0xaf, 0xff, 0xff, 0x20, 0x0, 0x0, 0x0,
    0x4, 0xff, 0xff, 0xf8, 0x0, 0x0, 0x0, 0x0,
    0xd, 0xff, 0xff, 0xfb, 0xaa, 0xaa, 0xaa, 0xa5,
    0x5f, 0xff, 0xff, 0xff, 0xff, 0xff, 0xff, 0xf7,
    0x7f, 0xff, 0xff, 0xff, 0xff, 0xff, 0xff, 0xf7,
    0x7f, 0xff, 0xff, 0xff, 0xff, 0xff, 0xff, 0xf7,
    0x7f, 0xff, 0xff, 0xff, 0xff, 0xff, 0xff, 0xf7
};


/*---------------------
 *  GLYPH DESCRIPTION
 *--------------------*/

static const lv_font_fmt_txt_glyph_dsc_t glyph_dsc[] = {
    {.bitmap_index = 0, .adv_w = 0, .box_w = 0, .box_h = 0, .ofs_x = 0, .ofs_y = 0} /* id = 0 reserved */,
    {.bitmap_index = 0, .adv_w = 148, .box_w = 0, .box_h = 0, .ofs_x = 0, .ofs_y = 0},
    {.bitmap_index = 0, .adv_w = 167, .box_w = 7, .box_h = 29, .ofs_x = 2, .ofs_y = 0},
    {.bitmap_index = 102, .adv_w = 205, .box_w = 11, .box_h = 11, .ofs_x = 1, .ofs_y = 19},
    {.bitmap_index = 163, .adv_w = 338, .box_w = 19, .box_h = 29, .ofs_x = 1, .ofs_y = 0},
    {.bitmap_index = 439, .adv_w = 323, .box_w = 18, .box_h = 38, .ofs_x = 1, .ofs_y = -4},
    {.bitmap_index = 781, .adv_w = 408, .box_w = 23, .box_h = 29, .ofs_x = 1, .ofs_y = 0},
    {.bitmap_index = 1115, .adv_w = 370, .box_w = 22, .box_h = 29, .ofs_x = 1, .ofs_y = 0},
    {.bitmap_index = 1434, .adv_w = 103, .box_w = 5, .box_h = 11, .ofs_x = 1, .ofs_y = 19},
    {.bitmap_index = 1462, .adv_w = 207, .box_w = 10, .box_h = 43, .ofs_x = 2, .ofs_y = -10},
    {.bitmap_index = 1677, .adv_w = 207, .box_w = 10, .box_h = 43, .ofs_x = 1, .ofs_y = -10},
    {.bitmap_index = 1892, .adv_w = 290, .box_w = 18, .box_h = 18, .ofs_x = 0, .ofs_y = 11},
    {.bitmap_index = 2054, .adv_w = 304, .box_w = 17, .box_h = 21, .ofs_x = 1, .ofs_y = 3},
    {.bitmap_index = 2233, .adv_w = 157, .box_w = 8, .box_h = 13, .ofs_x = 0, .ofs_y = -8},
    {.bitmap_index = 2285, .adv_w = 231, .box_w = 10, .box_h = 5, .ofs_x = 2, .ofs_y = 10},
    {.bitmap_index = 2310, .adv_w = 186, .box_w = 7, .box_h = 7, .ofs_x = 2, .ofs_y = 0},
    {.bitmap_index = 2335, .adv_w = 213, .box_w = 14, .box_h = 32, .ofs_x = -1, .ofs_y = -3},
    {.bitmap_index = 2559, .adv_w = 323, .box_w = 18, .box_h = 29, .ofs_x = 1, .ofs_y = 0},
    {.bitmap_index = 2820, .adv_w = 323, .box_w = 11, .box_h = 29, .ofs_x = 3, .ofs_y = 0},
    {.bitmap_index = 2980, .adv_w = 323, .box_w = 18, .box_h = 29, .ofs_x = 1, .ofs_y = 0},
    {.bitmap_index = 3241, .adv_w = 323, .box_w = 18, .box_h = 29, .ofs_x = 1, .ofs_y = 0},
    {.bitmap_index = 3502, .adv_w = 323, .box_w = 18, .box_h = 29, .ofs_x = 1, .ofs_y = 0},
    {.bitmap_index = 3763, .adv_w = 323, .box_w = 18, .box_h = 29, .ofs_x = 1, .ofs_y = 0},
    {.bitmap_index = 4024, .adv_w = 323, .box_w = 18, .box_h = 29, .ofs_x = 1, .ofs_y = 0},
    {.bitmap_index = 4285, .adv_w = 323, .box_w = 18, .box_h = 29, .ofs_x = 1, .ofs_y = 0},
    {.bitmap_index = 4546, .adv_w = 323, .box_w = 18, .box_h = 29, .ofs_x = 1, .ofs_y = 0},
    {.bitmap_index = 4807, .adv_w = 323, .box_w = 18, .box_h = 29, .ofs_x = 1, .ofs_y = 0},
    {.bitmap_index = 5068, .adv_w = 175, .box_w = 7, .box_h = 22, .ofs_x = 2, .ofs_y = 0},
    {.bitmap_index = 5145, .adv_w = 162, .box_w = 8, .box_h = 30, .ofs_x = 1, .ofs_y = -8},
    {.bitmap_index = 5265, .adv_w = 286, .box_w = 15, .box_h = 21, .ofs_x = 1, .ofs_y = 2},
    {.bitmap_index = 5423, .adv_w = 322, .box_w = 16, .box_h = 13, .ofs_x = 2, .ofs_y = 6},
    {.bitmap_index = 5527, .adv_w = 291, .box_w = 15, .box_h = 21, .ofs_x = 2, .ofs_y = 2},
    {.bitmap_index = 5685, .adv_w = 286, .box_w = 16, .box_h = 29, .ofs_x = 1, .ofs_y = 0},
    {.bitmap_index = 5917, .adv_w = 490, .box_w = 29, .box_h = 38, .ofs_x = 1, .ofs_y = -8},
    {.bitmap_index = 6468, .adv_w = 382, .box_w = 24, .box_h = 29, .ofs_x = 0, .ofs_y = 0},
    {.bitmap_index = 6816, .adv_w = 359, .box_w = 19, .box_h = 29, .ofs_x = 2, .ofs_y = 0},
    {.bitmap_index = 7092, .adv_w = 365, .box_w = 21, .box_h = 29, .ofs_x = 1, .ofs_y = 0},
    {.bitmap_index = 7397, .adv_w = 362, .box_w = 19, .box_h = 29, .ofs_x = 2, .ofs_y = 0},
    {.bitmap_index = 7673, .adv_w = 314, .box_w = 17, .box_h = 29, .ofs_x = 2, .ofs_y = 0},
    {.bitmap_index = 7920, .adv_w = 305, .box_w = 17, .box_h = 29, .ofs_x = 2, .ofs_y = 0},
    {.bitmap_index = 8167, .adv_w = 375, .box_w = 21, .box_h = 29, .ofs_x = 1, .ofs_y = 0},
    {.bitmap_index = 8472, .adv_w = 393, .box_w = 21, .box_h = 29, .ofs_x = 2, .ofs_y = 0},
    {.bitmap_index = 8777, .adv_w = 173, .box_w = 7, .box_h = 29, .ofs_x = 2, .ofs_y = 0},
    {.bitmap_index = 8879, .adv_w = 314, .box_w = 18, .box_h = 29, .ofs_x = 0, .ofs_y = 0},
    {.bitmap_index = 9140, .adv_w = 354, .box_w = 21, .box_h = 29, .ofs_x = 2, .ofs_y = 0},
    {.bitmap_index = 9445, .adv_w = 306, .box_w = 17, .box_h = 29, .ofs_x = 2, .ofs_y = 0},
    {.bitmap_index = 9692, .adv_w = 485, .box_w = 26, .box_h = 29, .ofs_x = 2, .ofs_y = 0},
    {.bitmap_index = 10069, .adv_w = 392, .box_w = 21, .box_h = 29, .ofs_x = 2, .ofs_y = 0},
    {.bitmap_index = 10374, .adv_w = 386, .box_w = 22, .box_h = 29, .ofs_x = 1, .ofs_y = 0},
    {.bitmap_index = 10693, .adv_w = 364, .box_w = 20, .box_h = 29, .ofs_x = 2, .ofs_y = 0},
    {.bitmap_index = 10983, .adv_w = 386, .box_w = 22, .box_h = 34, .ofs_x = 1, .ofs_y = -5},
    {.bitmap_index = 11357, .adv_w = 354, .box_w = 20, .box_h = 29, .ofs_x = 2, .ofs_y = 0},
    {.bitmap_index = 11647, .adv_w = 345, .box_w = 20, .box_h = 29, .ofs_x = 1, .ofs_y = 0},
    {.bitmap_index = 11937, .adv_w = 347, .box_w = 20, .box_h = 29, .ofs_x = 1, .ofs_y = 0},
    {.bitmap_index = 12227, .adv_w = 365, .box_w = 19, .box_h = 29, .ofs_x = 2, .ofs_y = 0},
    {.bitmap_index = 12503, .adv_w = 370, .box_w = 23, .box_h = 29, .ofs_x = 0, .ofs_y = 0},
    {.bitmap_index = 12837, .adv_w = 480, .box_w = 30, .box_h = 29, .ofs_x = 0, .ofs_y = 0},
    {.bitmap_index = 13272, .adv_w = 358, .box_w = 22, .box_h = 29, .ofs_x = 0, .ofs_y = 0},
    {.bitmap_index = 13591, .adv_w = 347, .box_w = 22, .box_h = 29, .ofs_x = 0, .ofs_y = 0},
    {.bitmap_index = 13910, .adv_w = 339, .box_w = 19, .box_h = 29, .ofs_x = 1, .ofs_y = 0},
    {.bitmap_index = 14186, .adv_w = 169, .box_w = 8, .box_h = 41, .ofs_x = 2, .ofs_y = -7},
    {.bitmap_index = 14350, .adv_w = 244, .box_w = 16, .box_h = 32, .ofs_x = 0, .ofs_y = -3},
    {.bitmap_index = 14606, .adv_w = 169, .box_w = 9, .box_h = 41, .ofs_x = 0, .ofs_y = -7},
    {.bitmap_index = 14791, .adv_w = 250, .box_w = 15, .box_h = 15, .ofs_x = 0, .ofs_y = 15},
    {.bitmap_index = 14904, .adv_w = 256, .box_w = 16, .box_h = 5, .ofs_x = 0, .ofs_y = -5},
    {.bitmap_index = 14944, .adv_w = 212, .box_w = 11, .box_h = 7, .ofs_x = 1, .ofs_y = 24},
    {.bitmap_index = 14983, .adv_w = 302, .box_w = 17, .box_h = 22, .ofs_x = 1, .ofs_y = 0},
    {.bitmap_index = 15170, .adv_w = 317, .box_w = 17, .box_h = 30, .ofs_x = 2, .ofs_y = 0},
    {.bitmap_index = 15425, .adv_w = 294, .box_w = 17, .box_h = 22, .ofs_x = 1, .ofs_y = 0},
    {.bitmap_index = 15612, .adv_w = 317, .box_w = 17, .box_h = 30, .ofs_x = 1, .ofs_y = 0},
    {.bitmap_index = 15867, .adv_w = 306, .box_w = 18, .box_h = 22, .ofs_x = 1, .ofs_y = 0},
    {.bitmap_index = 16065, .adv_w = 210, .box_w = 13, .box_h = 31, .ofs_x = 0, .ofs_y = 0},
    {.bitmap_index = 16267, .adv_w = 322, .box_w = 18, .box_h = 30, .ofs_x = 1, .ofs_y = -8},
    {.bitmap_index = 16537, .adv_w = 315, .box_w = 17, .box_h = 30, .ofs_x = 1, .ofs_y = 0},
    {.bitmap_index = 16792, .adv_w = 161, .box_w = 7, .box_h = 30, .ofs_x = 2, .ofs_y = 0},
    {.bitmap_index = 16897, .adv_w = 157, .box_w = 10, .box_h = 38, .ofs_x = -2, .ofs_y = -8},
    {.bitmap_index = 17087, .adv_w = 306, .box_w = 18, .box_h = 30, .ofs_x = 2, .ofs_y = 0},
    {.bitmap_index = 17357, .adv_w = 161, .box_w = 6, .box_h = 30, .ofs_x = 2, .ofs_y = 0},
    {.bitmap_index = 17447, .adv_w = 475, .box_w = 26, .box_h = 22, .ofs_x = 2, .ofs_y = 0},
    {.bitmap_index = 17733, .adv_w = 315, .box_w = 17, .box_h = 22, .ofs_x = 1, .ofs_y = 0},
    {.bitmap_index = 17920, .adv_w = 318, .box_w = 18, .box_h = 22, .ofs_x = 1, .ofs_y = 0},
    {.bitmap_index = 18118, .adv_w = 317, .box_w = 17, .box_h = 30, .ofs_x = 2, .ofs_y = -8},
    {.bitmap_index = 18373, .adv_w = 318, .box_w = 17, .box_h = 30, .ofs_x = 1, .ofs_y = -8},
    {.bitmap_index = 18628, .adv_w = 212, .box_w = 11, .box_h = 22, .ofs_x = 2, .ofs_y = 0},
    {.bitmap_index = 18749, .adv_w = 291, .box_w = 16, .box_h = 22, .ofs_x = 1, .ofs_y = 0},
    {.bitmap_index = 18925, .adv_w = 196, .box_w = 12, .box_h = 28, .ofs_x = 0, .ofs_y = 0},
    {.bitmap_index = 19093, .adv_w = 315, .box_w = 17, .box_h = 22, .ofs_x = 1, .ofs_y = 0},
    {.bitmap_index = 19280, .adv_w = 287, .box_w = 18, .box_h = 22, .ofs_x = 0, .ofs_y = 0},
    {.bitmap_index = 19478, .adv_w = 405, .box_w = 25, .box_h = 22, .ofs_x = 0, .ofs_y = 0},
    {.bitmap_index = 19753, .adv_w = 289, .box_w = 18, .box_h = 22, .ofs_x = 0, .ofs_y = 0},
    {.bitmap_index = 19951, .adv_w = 285, .box_w = 18, .box_h = 30, .ofs_x = 0, .ofs_y = -8},
    {.bitmap_index = 20221, .adv_w = 289, .box_w = 16, .box_h = 22, .ofs_x = 1, .ofs_y = 0}
};

/*---------------------
 *  CHARACTER MAPPING
 *--------------------*/



/*Collect the unicode lists and glyph_id offsets*/
static const lv_font_fmt_txt_cmap_t cmaps[] =
{
    {
        .range_start = 32, .range_length = 91, .glyph_id_start = 1,
        .unicode_list = NULL, .glyph_id_ofs_list = NULL, .list_length = 0, .type = LV_FONT_FMT_TXT_CMAP_FORMAT0_TINY
    }
};

/*-----------------
 *    KERNING
 *----------------*/


/*Pair left and right glyphs for kerning*/
static const uint8_t kern_pair_glyph_ids[] =
{
    3, 3,
    3, 8,
    8, 3,
    8, 8,
    13, 3,
    13, 8,
    15, 3,
    15, 8,
    16, 16
};

/* Kerning between the respective left and right glyphs
 * 4.4 format which needs to scaled with `kern_scale`*/
static const int8_t kern_pair_values[] =
{
    -12, -12, -12, -12, -88, -88, -88, -88,
    -77
};

/*Collect the kern pair's data in one place*/
static const lv_font_fmt_txt_kern_pair_t kern_pairs =
{
    .glyph_ids = kern_pair_glyph_ids,
    .values = kern_pair_values,
    .pair_cnt = 9,
    .glyph_ids_size = 0
};

/*--------------------
 *  ALL CUSTOM DATA
 *--------------------*/

#if LVGL_VERSION_MAJOR == 8
/*Store all the custom data of the font*/
static  lv_font_fmt_txt_glyph_cache_t cache;
#endif

#if LVGL_VERSION_MAJOR >= 8
static const lv_font_fmt_txt_dsc_t font_dsc = {
#else
static lv_font_fmt_txt_dsc_t font_dsc = {
#endif
    .glyph_bitmap = glyph_bitmap,
    .glyph_dsc = glyph_dsc,
    .cmaps = cmaps,
    .kern_dsc = &kern_pairs,
    .kern_scale = 16,
    .cmap_num = 1,
    .bpp = 4,
    .kern_classes = 0,
    .bitmap_format = 0,
#if LVGL_VERSION_MAJOR == 8
    .cache = &cache
#endif
};



/*-----------------
 *  PUBLIC FONT
 *----------------*/

/*Initialize a public general font descriptor*/
#if LVGL_VERSION_MAJOR >= 8
const lv_font_t stripe_sans_40 = {
#else
lv_font_t stripe_sans_40 = {
#endif
    .get_glyph_dsc = lv_font_get_glyph_dsc_fmt_txt,    /*Function pointer to get glyph's data*/
    .get_glyph_bitmap = lv_font_get_bitmap_fmt_txt,    /*Function pointer to get glyph's bitmap*/
    .line_height = 44,          /*The maximum line height required by the font*/
    .base_line = 10,             /*Baseline measured from the bottom of the line*/
#if !(LVGL_VERSION_MAJOR == 6 && LVGL_VERSION_MINOR == 0)
    .subpx = LV_FONT_SUBPX_NONE,
#endif
#if LV_VERSION_CHECK(7, 4, 0) || LVGL_VERSION_MAJOR >= 8
    .underline_position = -3,
    .underline_thickness = 2,
#endif
    .dsc = &font_dsc,          /*The custom font data. Will be accessed by `get_glyph_bitmap/dsc` */
#if LV_VERSION_CHECK(8, 2, 0) || LVGL_VERSION_MAJOR >= 9
    .fallback = NULL,
#endif
    .user_data = NULL,
};



#endif /*#if STRIPE_SANS_40*/

